city,city_slug,profession,prof_slug,category,pain_point,business_loss
Banda Aceh,banda-aceh,Frozen Food,frozen-food,kuliner,biaya listrik freezer mahal tidak terhitung harga,bisnis rugi karena beban operasional listrik
Mamberamo Tengah,mamberamo-tengah,Basmi Hama,basmi-hama,umum,garansi hama tidak kembali sulit dibuktikan,harus kunjungan ulang gratis yang merugikan
Tapanuli Selatan,tapanuli-selatan,UI/UX Designer,ui/ux-designer,kreatif,dokumentasi pembayaran startup sering tidak terorganisir,sulit melakukan audit keuangan pribadi di akhir tahun
Prabumulih,prabumulih,Bengkel Motor,bengkel-motor,retail,stok sparepart keluar tidak tercatat di nota,modal habis untuk stok tapi uang tidak kembali
Aceh Tamiang,aceh-tamiang,Cleaning Service,cleaning-service,umum,biaya pembersih kimia khusus tidak tercatat invoice,modal habis untuk obat pembersih mahal
Timor Tengah Utara,timor-tengah-utara,Toko Pancing,toko-pancing,retail,sulit kelola retur pelanggan ke distributor,modal tertahan di barang rusak tidak terjual
Dogiyai,dogiyai,Desainer Grafis,desainer-grafis,kreatif,klien menunda pembayaran termin kedua hingga berbulan-bulan,sulit membayar biaya langganan software desain tepat waktu
Parigi Moutong,parigi-moutong,Jasa Jahit,jasa-jahit,umum,klien tidak ambil baju selesai berbulan-bulan,modal kain dan tenaga tertahan di barang
Aceh Besar,aceh-besar,Event Organizer,event-organizer,jasa,uang muka klien habis untuk operasional awal,kesulitan melunasi vendor di akhir acara
Tuban,tuban,Blogger,blogger,kreatif,pembayaran agency sering melewati jatuh tempo 30 hari,perputaran uang untuk operasional website terganggu
Bukittinggi,bukittinggi,Ahli Plumbing,ahli-plumbing,konstruksi,biaya material kecil sering lupa dimasukkan ke nota,akumulasi kerugian material merusak profit bulanan
Ogan Ilir,ogan-ilir,Tukang Listrik,tukang-listrik,konstruksi,sulit memberikan bukti pembayaran formal untuk klaim kantor,klien perusahaan besar enggan memakai jasa kembali
Bondowoso,bondowoso,Studio Foto,studio-foto,kreatif,biaya overtime studio sering lupa dimasukkan,listrik membengkak tanpa tambahan pendapatan
Gayo Lues,gayo-lues,Jasa Sumur Bor,jasa-sumur-bor,konstruksi,kedalaman sumur meleset dari estimasi awal di invoice,biaya tenaga kerja membengkak tanpa tambahan pendapatan
Aceh Barat,aceh-barat,Toko Helm,toko-helm,retail,stok gudang tidak sesuai nota penjualan,risiko kehilangan barang akibat kelalaian
Belitung Timur,belitung-timur,Animator 3D,animator-3d,kreatif,biaya lisensi asset sering tidak tercover di invoice awal,keuntungan bersih menipis karena pengeluaran tak terduga
Pacitan,pacitan,Akuntan Publik,akuntan-publik,jasa,pengarsipan bukti bayar klien berantakan di kantor,sulit melakukan audit internal performa bisnis
Kotawaringin Timur,kotawaringin-timur,Personal Trainer,personal-trainer,jasa,klien membatalkan sesi mendadak tanpa penalti,kehilangan potensi pendapatan dari slot waktu kosong
Pandeglang,pandeglang,Pindahan Rumah,pindahan-rumah,umum,barang lecet di jalan tidak tercover nota,tuntutan ganti rugi klien melebihi biaya jasa
Luwu Timur,luwu-timur,Toko Oleh-oleh,toko-oleh-oleh,retail,sulit buat invoice rombongan bus pariwisata,transaksi lama membuat pelanggan tidak nyaman
Teluk Wondama,teluk-wondama,Akuntan Publik,akuntan-publik,jasa,pengarsipan bukti bayar klien berantakan di kantor,sulit melakukan audit internal performa bisnis
Lembata,lembata,Ahli Konstruksi Baja,ahli-konstruksi-baja,konstruksi,kenaikan harga besi mendadak sebelum invoice cair,proyek rugi karena harga beli lebih tinggi dari nota
Surabaya,surabaya,Pet Shop,pet-shop,retail,biaya titip hewan tidak dibayar penuh saat jemput,menanggung biaya makan tanpa bayaran pemilik
Alor,alor,Fotografer Pernikahan,fotografer-pernikahan,kreatif,sulit melacak pelunasan sisa pembayaran setelah acara,arus kas tersendat dan tabungan bisnis sering terpakai untuk operasional
Padang Lawas Utara,padang-lawas-utara,Ahli Taman,ahli-taman,konstruksi,biaya perawatan tanaman setelah tanam tidak tertagih,tanaman mati di lokasi klien menjadi beban kontraktor
Parigi Moutong,parigi-moutong,Life Coach,life-coach,jasa,klien menunggak bayar karena hubungan terlalu dekat,profesionalisme rusak oleh rasa sungkan menagih
Halmahera Utara,halmahera-utara,Basmi Hama,basmi-hama,umum,garansi hama tidak kembali sulit dibuktikan,harus kunjungan ulang gratis yang merugikan
Padang Sidempuan,padang-sidempuan,Jasa Pengetikan,jasa-pengetikan,jasa,biaya tinta dan kertas dianggap remeh pelanggan,pendapatan bersih hanya cukup beli perlengkapan lagi
Bontang,bontang,Pembersih Kaca Gedung,pembersih-kaca-gedung,konstruksi,risiko kerja tinggi namun asuransi tidak terinci di invoice,perusahaan sulit klaim jika terjadi kecelakaan kerja
Bolaang Mongondow Selatan,bolaang-mongondow-selatan,Jasa Pasang Parquet,jasa-pasang-parquet,konstruksi,kelembaban ruangan merusak kayu tidak tercatat risikonya,klien menuntut ganti rugi penuh atas kerusakan alamiah
Sintang,sintang,Animator 3D,animator-3d,kreatif,biaya lisensi asset sering tidak tercover di invoice awal,keuntungan bersih menipis karena pengeluaran tak terduga
Maluku Tenggara,maluku-tenggara,Percetakan Spanduk,percetakan-spanduk,retail,biaya setting desain diminta gratis pelanggan,waktu desainer terbuang tanpa nilai finansial
Asmat,asmat,Service Laptop,service-laptop,umum,biaya cek tidak dibayar jika tidak jadi servis,waktu dan keahlian teknisi terbuang sia-sia
Karangasem,karangasem,Toko Aksesoris HP,toko-aksesoris-hp,retail,garansi barang diklaim tanpa nota fisik,harus ganti barang yang bukan dibeli dari toko
Pelalawan,pelalawan,Toko Jam,toko-jam,retail,biaya ganti baterai dianggap sepele pelanggan,margin kecil jika tidak dikelola merusak profit
Cilacap,cilacap,Tour Guide,tour-guide,jasa,biaya tips dan makan tidak tercatat penghasilan,perhitungan pajak tahunan menjadi tidak akurat
Flores Timur,flores-timur,Tukang Kayu Custom,tukang-kayu-custom,konstruksi,pengerjaan furniture lama membuat invoice terlupakan,klien lupa bayar pelunasan karena barang sudah dikirim
Binjai,binjai,Distributor Telur,distributor-telur,retail,risiko telur pecah kirim tidak terhitung nota,keuntungan harian tergerus penyusutan barang
Padang Lawas Utara,padang-lawas-utara,Guru Musik,guru-musik,jasa,biaya sewa instrumen tidak masuk nota bulanan,aset instrumen rusak tanpa dana cadangan servis
Kolaka,kolaka,Podcast Producer,podcast-producer,kreatif,biaya sewa studio fluktuatif sulit dicatat manual,pembukuan bulanan selalu selisih dan tidak akurat
Jember,jember,Jasa Setrika,jasa-setrika,umum,pelanggan komplain baju kurang licin tanpa bukti,reputasi menurun akibat subjektivitas komplain
Lampung Timur,lampung-timur,Service AC,service-ac,umum,sulit tagih biaya freon yang habis saat pengerjaan,bolak-balik toko material tanpa biaya bensin
Majene,majene,Service Laptop,service-laptop,umum,biaya cek tidak dibayar jika tidak jadi servis,waktu dan keahlian teknisi terbuang sia-sia
Aceh Tengah,aceh-tengah,Personal Trainer,personal-trainer,jasa,klien membatalkan sesi mendadak tanpa penalti,kehilangan potensi pendapatan dari slot waktu kosong
Ende,ende,Tukang Listrik,tukang-listrik,konstruksi,sulit memberikan bukti pembayaran formal untuk klaim kantor,klien perusahaan besar enggan memakai jasa kembali
Tegal,tegal,Henna Artist,henna-artist,kreatif,biaya transportasi ke lokasi sering lupa dihitung,honor habis di jalan hanya untuk bensin
Magetan,magetan,Ahli Taman,ahli-taman,konstruksi,biaya perawatan tanaman setelah tanam tidak tertagih,tanaman mati di lokasi klien menjadi beban kontraktor
Banda Aceh,banda-aceh,Tutor Privat,tutor-privat,jasa,rekap jam mengajar bulanan tidak akurat di mata wali murid,pendapatan berkurang karena sesi dianggap belum masuk
Jakarta Utara,jakarta-utara,Spesialis Atap Bocor,spesialis-atap-bocor,konstruksi,garansi pekerjaan disalahgunakan klien tanpa bukti nota,harus perbaikan gratis meski masa garansi habis
Tulungagung,tulungagung,Makeup Artist (MUA),makeup-artist-mua,kreatif,invoice manual sering hilang atau terselip di chat WhatsApp,kehilangan kepercayaan dari klien kelas atas
Langkat,langkat,Catering Harian,catering-harian,kuliner,rekap pesanan bulanan selisih dengan dapur,salah kirim menu berujung komplain pedas
Mamberamo Raya,mamberamo-raya,Pemilik Laundry,pemilik-laundry,retail,nota kertas sering basah atau hilang di baju,kekeliruan pengambilan baju merusak nama baik
Kotawaringin Barat,kotawaringin-barat,Catering Diet,catering-diet,kuliner,permintaan menu custom harian memusingkan admin,operasional dapur kacau karena admin buruk
Kutai Timur,kutai-timur,Guru Musik,guru-musik,jasa,biaya sewa instrumen tidak masuk nota bulanan,aset instrumen rusak tanpa dana cadangan servis
Gorontalo,gorontalo,Percetakan Spanduk,percetakan-spanduk,retail,biaya setting desain diminta gratis pelanggan,waktu desainer terbuang tanpa nilai finansial
Fakfak,fakfak,Spesialis Atap Bocor,spesialis-atap-bocor,konstruksi,garansi pekerjaan disalahgunakan klien tanpa bukti nota,harus perbaikan gratis meski masa garansi habis
Biak Numfor,biak-numfor,Toko Bangunan,toko-bangunan,retail,utang mandor menumpuk sulit dilacak tanpa sistem,macetnya arus kas membuat toko terancam tutup
Nduga,nduga,Rental Playstation,rental-playstation,umum,billing waktu dimanipulasi oknum penjaga,kebocoran pendapatan harian sulit dideteksi
Bengkulu Utara,bengkulu-utara,Jasa Cuci Sepatu,jasa-cuci-sepatu,umum,sulit lacak status pengerjaan dari nota manual,sepatu lama tidak diambil memenuhi rak
Mojokerto,mojokerto,Toko Bangunan,toko-bangunan,retail,utang mandor menumpuk sulit dilacak tanpa sistem,macetnya arus kas membuat toko terancam tutup
Buton,buton,Podcast Producer,podcast-producer,kreatif,biaya sewa studio fluktuatif sulit dicatat manual,pembukuan bulanan selalu selisih dan tidak akurat
Pangkajene Kepulauan,pangkajene-kepulauan,Tour Guide,tour-guide,jasa,biaya tips dan makan tidak tercatat penghasilan,perhitungan pajak tahunan menjadi tidak akurat
Wonosobo,wonosobo,Life Coach,life-coach,jasa,klien menunggak bayar karena hubungan terlalu dekat,profesionalisme rusak oleh rasa sungkan menagih
Konawe Selatan,konawe-selatan,Kontraktor Kolam Renang,kontraktor-kolam-renang,konstruksi,biaya chemical awal sering dianggap gratis oleh pemilik,pengeluaran rutin operasional menggerus keuntungan
Padang Lawas Utara,padang-lawas-utara,Bakery Rumahan,bakery-rumahan,kuliner,biaya packaging cantik lupa masuk harga jual,terlihat premium tapi margin sangat tipis
Bandar Lampung,bandar-lampung,Spesialis Atap Bocor,spesialis-atap-bocor,konstruksi,garansi pekerjaan disalahgunakan klien tanpa bukti nota,harus perbaikan gratis meski masa garansi habis
Toli-Toli,toli-toli,Warung Kopi,warung-kopi,kuliner,pengeluaran bahan baku harian tidak terkontrol,bisnis ramai tapi pemilik tidak pegang uang
Belitung,belitung,Jasa Pasang Kanopi,jasa-pasang-kanopi,konstruksi,sulit mengelola uang muka (DP) dari banyak pelanggan,kehabisan modal di tengah jalan sebelum proyek selesai
Bolaang Mongondow Utara,bolaang-mongondow-utara,Jasa Cuci Sepatu,jasa-cuci-sepatu,umum,sulit lacak status pengerjaan dari nota manual,sepatu lama tidak diambil memenuhi rak
Kupang,kupang,Apotek Rakyat,apotek-rakyat,retail,obat expired tidak terdeteksi karena nota berantakan,kerugian finansial akibat barang dibuang
Kuantan Singingi,kuantan-singingi,Akuntan Publik,akuntan-publik,jasa,pengarsipan bukti bayar klien berantakan di kantor,sulit melakukan audit internal performa bisnis
Bengkayang,bengkayang,UI/UX Designer,ui/ux-designer,kreatif,dokumentasi pembayaran startup sering tidak terorganisir,sulit melakukan audit keuangan pribadi di akhir tahun
Metro,metro,Ahli Taman,ahli-taman,konstruksi,biaya perawatan tanaman setelah tanam tidak tertagih,tanaman mati di lokasi klien menjadi beban kontraktor
Tanjung Jabung Barat,tanjung-jabung-barat,Mandor Borongan,mandor-borongan,konstruksi,sulit membagi gaji karena catatan kas bon berantakan,kepercayaan anak buah menurun dan proyek terbengkalai
Lebak,lebak,Pindahan Rumah,pindahan-rumah,umum,barang lecet di jalan tidak tercover nota,tuntutan ganti rugi klien melebihi biaya jasa
Kubu Raya,kubu-raya,Pindahan Rumah,pindahan-rumah,umum,barang lecet di jalan tidak tercover nota,tuntutan ganti rugi klien melebihi biaya jasa
Jayawijaya,jayawijaya,Digital Marketer,digital-marketer,jasa,sulit memisahkan tagihan jasa dengan biaya iklan,terkena pajak lebih besar karena omzet terlihat tinggi
Tapanuli Selatan,tapanuli-selatan,Jasa Cat Rumah,jasa-cat-rumah,konstruksi,estimasi kebutuhan cat meleset dari invoice awal,keuntungan habis untuk menutupi kekurangan material
Aceh Tenggara,aceh-tenggara,Basmi Hama,basmi-hama,umum,garansi hama tidak kembali sulit dibuktikan,harus kunjungan ulang gratis yang merugikan
Buton,buton,Jasa Jahit,jasa-jahit,umum,klien tidak ambil baju selesai berbulan-bulan,modal kain dan tenaga tertahan di barang
Bengkulu,bengkulu,Pemilik Laundry,pemilik-laundry,retail,nota kertas sering basah atau hilang di baju,kekeliruan pengambilan baju merusak nama baik
Gunung Kidul,gunung-kidul,Animator 3D,animator-3d,kreatif,biaya lisensi asset sering tidak tercover di invoice awal,keuntungan bersih menipis karena pengeluaran tak terduga
Timor Tengah Selatan,timor-tengah-selatan,Jasa Bongkar Bangunan,jasa-bongkar-bangunan,konstruksi,biaya pembuangan puing ditolak klien di akhir proyek,harus membayar biaya pembuangan sendiri ke pihak ketiga
Pesawaran,pesawaran,Podcast Producer,podcast-producer,kreatif,biaya sewa studio fluktuatif sulit dicatat manual,pembukuan bulanan selalu selisih dan tidak akurat
Bengkulu,bengkulu,Bengkel Motor,bengkel-motor,retail,stok sparepart keluar tidak tercatat di nota,modal habis untuk stok tapi uang tidak kembali
Polewali Mandar,polewali-mandar,Pindahan Rumah,pindahan-rumah,umum,barang lecet di jalan tidak tercover nota,tuntutan ganti rugi klien melebihi biaya jasa
Tulungagung,tulungagung,Bakery Rumahan,bakery-rumahan,kuliner,biaya packaging cantik lupa masuk harga jual,terlihat premium tapi margin sangat tipis
Bitung,bitung,Jasa Bongkar Bangunan,jasa-bongkar-bangunan,konstruksi,biaya pembuangan puing ditolak klien di akhir proyek,harus membayar biaya pembuangan sendiri ke pihak ketiga
Parigi Moutong,parigi-moutong,Animator 3D,animator-3d,kreatif,biaya lisensi asset sering tidak tercover di invoice awal,keuntungan bersih menipis karena pengeluaran tak terduga
Kepulauan Anambas,kepulauan-anambas,Tukang Listrik,tukang-listrik,konstruksi,sulit memberikan bukti pembayaran formal untuk klaim kantor,klien perusahaan besar enggan memakai jasa kembali
Halmahera Timur,halmahera-timur,Kontraktor Bangunan,kontraktor-bangunan,konstruksi,penagihan termin proyek sering terlewat dari jadwal,dana operasional beli material tahap berikutnya macet
Pesisir Barat,pesisir-barat,Akuntan Publik,akuntan-publik,jasa,pengarsipan bukti bayar klien berantakan di kantor,sulit melakukan audit internal performa bisnis
Buru Selatan,buru-selatan,Kontraktor Kolam Renang,kontraktor-kolam-renang,konstruksi,biaya chemical awal sering dianggap gratis oleh pemilik,pengeluaran rutin operasional menggerus keuntungan
Katingan,katingan,Pemilik Laundry,pemilik-laundry,retail,nota kertas sering basah atau hilang di baju,kekeliruan pengambilan baju merusak nama baik
Sanggau,sanggau,Frozen Food,frozen-food,kuliner,biaya listrik freezer mahal tidak terhitung harga,bisnis rugi karena beban operasional listrik
Biak Numfor,biak-numfor,Toko Pancing,toko-pancing,retail,sulit kelola retur pelanggan ke distributor,modal tertahan di barang rusak tidak terjual
Musi Rawas,musi-rawas,Podcast Producer,podcast-producer,kreatif,biaya sewa studio fluktuatif sulit dicatat manual,pembukuan bulanan selalu selisih dan tidak akurat
Bener Meriah,bener-meriah,Data Analyst,data-analyst,jasa,biaya komputasi cloud lupa dibebankan ke klien,keuntungan bersih terpotong biaya server mahal
Lumajang,lumajang,Pet Shop,pet-shop,retail,biaya titip hewan tidak dibayar penuh saat jemput,menanggung biaya makan tanpa bayaran pemilik
Jembrana,jembrana,Toko Jam,toko-jam,retail,biaya ganti baterai dianggap sepele pelanggan,margin kecil jika tidak dikelola merusak profit
Jambi,jambi,Jasa Pengetikan,jasa-pengetikan,jasa,biaya tinta dan kertas dianggap remeh pelanggan,pendapatan bersih hanya cukup beli perlengkapan lagi
Probolinggo,probolinggo,Catering Diet,catering-diet,kuliner,permintaan menu custom harian memusingkan admin,operasional dapur kacau karena admin buruk
Fakfak,fakfak,Animator 3D,animator-3d,kreatif,biaya lisensi asset sering tidak tercover di invoice awal,keuntungan bersih menipis karena pengeluaran tak terduga
Lombok Tengah,lombok-tengah,Pet Shop,pet-shop,retail,biaya titip hewan tidak dibayar penuh saat jemput,menanggung biaya makan tanpa bayaran pemilik
Deiyai,deiyai,Catering Harian,catering-harian,kuliner,rekap pesanan bulanan selisih dengan dapur,salah kirim menu berujung komplain pedas
Sambas,sambas,Bakery Rumahan,bakery-rumahan,kuliner,biaya packaging cantik lupa masuk harga jual,terlihat premium tapi margin sangat tipis
Sumbawa Barat,sumbawa-barat,Interior Designer,interior-designer,konstruksi,bingung merinci biaya pembelian barang titipan belanja klien,sering terjadi selisih harga yang ditanggung sendiri
Sleman,sleman,Fotografer Pernikahan,fotografer-pernikahan,kreatif,sulit melacak pelunasan sisa pembayaran setelah acara,arus kas tersendat dan tabungan bisnis sering terpakai untuk operasional
Sumbawa Barat,sumbawa-barat,Notaris,notaris,jasa,rekap biaya PNBP banyak membingungkan asisten,risiko teguran instansi jika terjadi selisih bayar
Ngada,ngada,Konsultan Pajak,konsultan-pajak,jasa,menghabiskan waktu berjam-jam membuat format nota,fokus analisis data klien menjadi terpecah
Tulang Bawang,tulang-bawang,Jasa Pengetikan,jasa-pengetikan,jasa,biaya tinta dan kertas dianggap remeh pelanggan,pendapatan bersih hanya cukup beli perlengkapan lagi
Sragen,sragen,Jasa Pasang Kanopi,jasa-pasang-kanopi,konstruksi,sulit mengelola uang muka (DP) dari banyak pelanggan,kehabisan modal di tengah jalan sebelum proyek selesai
Limboto,limboto,Percetakan Spanduk,percetakan-spanduk,retail,biaya setting desain diminta gratis pelanggan,waktu desainer terbuang tanpa nilai finansial
Mataram,mataram,Tutor Privat,tutor-privat,jasa,rekap jam mengajar bulanan tidak akurat di mata wali murid,pendapatan berkurang karena sesi dianggap belum masuk
Enrekang,enrekang,Catering Diet,catering-diet,kuliner,permintaan menu custom harian memusingkan admin,operasional dapur kacau karena admin buruk
Bengkulu Utara,bengkulu-utara,Pembersih Kaca Gedung,pembersih-kaca-gedung,konstruksi,risiko kerja tinggi namun asuransi tidak terinci di invoice,perusahaan sulit klaim jika terjadi kecelakaan kerja
Flores Timur,flores-timur,Custom Mahar,custom-mahar,kreatif,harga bingkai naik mendadak tidak tercover,bisnis merugi karena kenaikan bahan baku
Kotawaringin Barat,kotawaringin-barat,Studio Foto,studio-foto,kreatif,biaya overtime studio sering lupa dimasukkan,listrik membengkak tanpa tambahan pendapatan
Jombang,jombang,Studio Foto,studio-foto,kreatif,biaya overtime studio sering lupa dimasukkan,listrik membengkak tanpa tambahan pendapatan
Tanah Datar,tanah-datar,Drone Pilot,drone-pilot,kreatif,risiko kerusakan alat tinggi tidak tercatat di biaya jasa,tabungan habis untuk perbaikan alat tanpa cadangan biaya
Sumenep,sumenep,Spesialis Atap Bocor,spesialis-atap-bocor,konstruksi,garansi pekerjaan disalahgunakan klien tanpa bukti nota,harus perbaikan gratis meski masa garansi habis
Bengkulu Tengah,bengkulu-tengah,Jasa Pengetikan,jasa-pengetikan,jasa,biaya tinta dan kertas dianggap remeh pelanggan,pendapatan bersih hanya cukup beli perlengkapan lagi
Morowali,morowali,Digital Marketer,digital-marketer,jasa,sulit memisahkan tagihan jasa dengan biaya iklan,terkena pajak lebih besar karena omzet terlihat tinggi
Sinjai,sinjai,Event Organizer,event-organizer,jasa,uang muka klien habis untuk operasional awal,kesulitan melunasi vendor di akhir acara
Kaur,kaur,Rental Playstation,rental-playstation,umum,billing waktu dimanipulasi oknum penjaga,kebocoran pendapatan harian sulit dideteksi
Kerinci,kerinci,Fotografer Pernikahan,fotografer-pernikahan,kreatif,sulit melacak pelunasan sisa pembayaran setelah acara,arus kas tersendat dan tabungan bisnis sering terpakai untuk operasional
Aceh Tengah,aceh-tengah,Catering Harian,catering-harian,kuliner,rekap pesanan bulanan selisih dengan dapur,salah kirim menu berujung komplain pedas
Timor Tengah Selatan,timor-tengah-selatan,Henna Artist,henna-artist,kreatif,biaya transportasi ke lokasi sering lupa dihitung,honor habis di jalan hanya untuk bensin
Lahat,lahat,Podcast Producer,podcast-producer,kreatif,biaya sewa studio fluktuatif sulit dicatat manual,pembukuan bulanan selalu selisih dan tidak akurat
Parigi Moutong,parigi-moutong,Mandor Borongan,mandor-borongan,konstruksi,sulit membagi gaji karena catatan kas bon berantakan,kepercayaan anak buah menurun dan proyek terbengkalai
Denpasar,denpasar,Digital Marketer,digital-marketer,jasa,sulit memisahkan tagihan jasa dengan biaya iklan,terkena pajak lebih besar karena omzet terlihat tinggi
Padang,padang,UI/UX Designer,ui/ux-designer,kreatif,dokumentasi pembayaran startup sering tidak terorganisir,sulit melakukan audit keuangan pribadi di akhir tahun
Tanjung Selor,tanjung-selor,Digital Marketer,digital-marketer,jasa,sulit memisahkan tagihan jasa dengan biaya iklan,terkena pajak lebih besar karena omzet terlihat tinggi
Bima,bima,Freelancer,freelancer,jasa,tidak memiliki slip gaji atau invoice untuk kredit,sulit mendapatkan akses perbankan atau KPR
Murung Raya,murung-raya,Makeup Artist (MUA),makeup-artist-mua,kreatif,invoice manual sering hilang atau terselip di chat WhatsApp,kehilangan kepercayaan dari klien kelas atas
Metro,metro,Jasa Pasang Parquet,jasa-pasang-parquet,konstruksi,kelembaban ruangan merusak kayu tidak tercatat risikonya,klien menuntut ganti rugi penuh atas kerusakan alamiah
Rejang Lebong,rejang-lebong,Konsultan Pajak,konsultan-pajak,jasa,menghabiskan waktu berjam-jam membuat format nota,fokus analisis data klien menjadi terpecah
Aceh Tengah,aceh-tengah,Guru Musik,guru-musik,jasa,biaya sewa instrumen tidak masuk nota bulanan,aset instrumen rusak tanpa dana cadangan servis
Sidoarjo,sidoarjo,Distributor Telur,distributor-telur,retail,risiko telur pecah kirim tidak terhitung nota,keuntungan harian tergerus penyusutan barang
Gorontalo,gorontalo,Architectural Photographer,architectural-photographer,kreatif,biaya transportasi dan akomodasi sulit direimburse,pengeluaran pribadi membengkak untuk urusan klien
Timor Tengah Utara,timor-tengah-utara,Toko Bangunan,toko-bangunan,retail,utang mandor menumpuk sulit dilacak tanpa sistem,macetnya arus kas membuat toko terancam tutup
Sragen,sragen,Pemilik Laundry,pemilik-laundry,retail,nota kertas sering basah atau hilang di baju,kekeliruan pengambilan baju merusak nama baik
Semarang,semarang,Florist,florist,retail,biaya kirim berubah sesuai jarak lokasi,ongkos kirim nomok karena salah estimasi awal
Kepulauan Talaud,kepulauan-talaud,Pembersih Kaca Gedung,pembersih-kaca-gedung,konstruksi,risiko kerja tinggi namun asuransi tidak terinci di invoice,perusahaan sulit klaim jika terjadi kecelakaan kerja
Tapin,tapin,Animator 3D,animator-3d,kreatif,biaya lisensi asset sering tidak tercover di invoice awal,keuntungan bersih menipis karena pengeluaran tak terduga
Tomohon,tomohon,Apotek Rakyat,apotek-rakyat,retail,obat expired tidak terdeteksi karena nota berantakan,kerugian finansial akibat barang dibuang
Jombang,jombang,Pemilik Laundry,pemilik-laundry,retail,nota kertas sering basah atau hilang di baju,kekeliruan pengambilan baju merusak nama baik
Demak,demak,Event Organizer,event-organizer,jasa,uang muka klien habis untuk operasional awal,kesulitan melunasi vendor di akhir acara
Langkat,langkat,Frozen Food,frozen-food,kuliner,biaya listrik freezer mahal tidak terhitung harga,bisnis rugi karena beban operasional listrik
Bireuen,bireuen,Penterjemah,penterjemah,jasa,perhitungan biaya per kata diperdebatkan klien,waktu habis negosiasi ulang tagihan yang selesai
Mandailing Natal,mandailing-natal,Social Media Manager,social-media-manager,kreatif,sulit membuktikan laporan kerja bulanan yang sudah terbayar,terjadi tumpang tindih penagihan yang membingungkan klien
Katingan,katingan,Pemilik Laundry,pemilik-laundry,retail,nota kertas sering basah atau hilang di baju,kekeliruan pengambilan baju merusak nama baik
Pasuruan,pasuruan,Jasa Pasang Kanopi,jasa-pasang-kanopi,konstruksi,sulit mengelola uang muka (DP) dari banyak pelanggan,kehabisan modal di tengah jalan sebelum proyek selesai
Murung Raya,murung-raya,Tutor Privat,tutor-privat,jasa,rekap jam mengajar bulanan tidak akurat di mata wali murid,pendapatan berkurang karena sesi dianggap belum masuk
Buru Selatan,buru-selatan,Makeup Artist (MUA),makeup-artist-mua,kreatif,invoice manual sering hilang atau terselip di chat WhatsApp,kehilangan kepercayaan dari klien kelas atas
Kebumen,kebumen,Catering Diet,catering-diet,kuliner,permintaan menu custom harian memusingkan admin,operasional dapur kacau karena admin buruk
Sampang,sampang,Tour Guide,tour-guide,jasa,biaya tips dan makan tidak tercatat penghasilan,perhitungan pajak tahunan menjadi tidak akurat
Kepahiang,kepahiang,Videografer Freelance,videografer-freelance,kreatif,klien meminta revisi tanpa batas karena tidak ada kontrak jelas,waktu produktif habis untuk pekerjaan tidak berbayar
Demak,demak,Social Media Manager,social-media-manager,kreatif,sulit membuktikan laporan kerja bulanan yang sudah terbayar,terjadi tumpang tindih penagihan yang membingungkan klien
Padang Lawas,padang-lawas,Pet Shop,pet-shop,retail,biaya titip hewan tidak dibayar penuh saat jemput,menanggung biaya makan tanpa bayaran pemilik
Minahasa Tenggara,minahasa-tenggara,Jasa Pasang Wallpaper,jasa-pasang-wallpaper,konstruksi,sisa bahan banyak tidak tercatat sebagai inventaris,modal mati di stok barang sisa yang tidak terpakai
Maybrat,maybrat,Guru Musik,guru-musik,jasa,biaya sewa instrumen tidak masuk nota bulanan,aset instrumen rusak tanpa dana cadangan servis
Samarinda,samarinda,Barbershop,barbershop,umum,sulit melacak performa kapster per kepala,pembagian komisi tidak adil memicu konflik
Tangerang Selatan,tangerang-selatan,Animator 3D,animator-3d,kreatif,biaya lisensi asset sering tidak tercover di invoice awal,keuntungan bersih menipis karena pengeluaran tak terduga
Sumedang,sumedang,Akuntan Publik,akuntan-publik,jasa,pengarsipan bukti bayar klien berantakan di kantor,sulit melakukan audit internal performa bisnis
Musi Banyuasin,musi-banyuasin,Jasa Cat Rumah,jasa-cat-rumah,konstruksi,estimasi kebutuhan cat meleset dari invoice awal,keuntungan habis untuk menutupi kekurangan material
Tangerang Selatan,tangerang-selatan,Web Developer,web-developer,kreatif,biaya maintenance server sering lupa ditagihkan ke klien,harus menanggung biaya hosting dari kantong pribadi
Kendari,kendari,Tukang Listrik,tukang-listrik,konstruksi,sulit memberikan bukti pembayaran formal untuk klaim kantor,klien perusahaan besar enggan memakai jasa kembali
Batam,batam,Ahli Taman,ahli-taman,konstruksi,biaya perawatan tanaman setelah tanam tidak tertagih,tanaman mati di lokasi klien menjadi beban kontraktor
Muko Muko,muko-muko,Florist,florist,retail,biaya kirim berubah sesuai jarak lokasi,ongkos kirim nomok karena salah estimasi awal
Bolaang Mongondow Selatan,bolaang-mongondow-selatan,Social Media Manager,social-media-manager,kreatif,sulit membuktikan laporan kerja bulanan yang sudah terbayar,terjadi tumpang tindih penagihan yang membingungkan klien
Majalengka,majalengka,Toko Alat Tulis,toko-alat-tulis,retail,pembelian eceran instansi sulit nota gabungan,pelanggan instansi pindah ke toko lain
Maybrat,maybrat,Bengkel Motor,bengkel-motor,retail,stok sparepart keluar tidak tercatat di nota,modal habis untuk stok tapi uang tidak kembali
Kepulauan Anambas,kepulauan-anambas,Videografer Freelance,videografer-freelance,kreatif,klien meminta revisi tanpa batas karena tidak ada kontrak jelas,waktu produktif habis untuk pekerjaan tidak berbayar
Pesisir Barat,pesisir-barat,Service Laptop,service-laptop,umum,biaya cek tidak dibayar jika tidak jadi servis,waktu dan keahlian teknisi terbuang sia-sia
Halmahera Barat,halmahera-barat,Ahli Konstruksi Baja,ahli-konstruksi-baja,konstruksi,kenaikan harga besi mendadak sebelum invoice cair,proyek rugi karena harga beli lebih tinggi dari nota
Bojonegoro,bojonegoro,Konsultan Pajak,konsultan-pajak,jasa,menghabiskan waktu berjam-jam membuat format nota,fokus analisis data klien menjadi terpecah
Bangkalan,bangkalan,Apotek Rakyat,apotek-rakyat,retail,obat expired tidak terdeteksi karena nota berantakan,kerugian finansial akibat barang dibuang
Kutai Timur,kutai-timur,Instruktur Yoga,instruktur-yoga,jasa,jumlah peserta kelas tidak sesuai laporan keuangan,potensi kebocoran pendapatan kelas
Kaur,kaur,Data Analyst,data-analyst,jasa,biaya komputasi cloud lupa dibebankan ke klien,keuntungan bersih terpotong biaya server mahal
Dairi,dairi,UI/UX Designer,ui/ux-designer,kreatif,dokumentasi pembayaran startup sering tidak terorganisir,sulit melakukan audit keuangan pribadi di akhir tahun
Jakarta Timur,jakarta-timur,Editor Video,editor-video,kreatif,proses render terhambat karena stres memikirkan tagihan belum cair,deadline proyek berantakan dan reputasi profesional menurun
Maluku Barat Daya,maluku-barat-daya,Tukang Kayu Custom,tukang-kayu-custom,konstruksi,pengerjaan furniture lama membuat invoice terlupakan,klien lupa bayar pelunasan karena barang sudah dikirim
Maluku Tenggara,maluku-tenggara,Apotek Rakyat,apotek-rakyat,retail,obat expired tidak terdeteksi karena nota berantakan,kerugian finansial akibat barang dibuang
Kepulauan Anambas,kepulauan-anambas,Akupuntur,akupuntur,umum,rekap kunjungan pasien per bulan manual/lambat,pasien lama tidak dipantau untuk sesi lanjut
Rembang,rembang,Akupuntur,akupuntur,umum,rekap kunjungan pasien per bulan manual/lambat,pasien lama tidak dipantau untuk sesi lanjut
Batang Hari,batang-hari,Illustrator,illustrator,kreatif,sulit melacak lisensi karya karena invoice tidak mencantumkan hak cipta,karya digunakan komersial tanpa royalti yang sah
Supiori,supiori,Jasa Sumur Bor,jasa-sumur-bor,konstruksi,kedalaman sumur meleset dari estimasi awal di invoice,biaya tenaga kerja membengkak tanpa tambahan pendapatan
Surabaya,surabaya,Animator 3D,animator-3d,kreatif,biaya lisensi asset sering tidak tercover di invoice awal,keuntungan bersih menipis karena pengeluaran tak terduga
Deiyai,deiyai,Digital Marketer,digital-marketer,jasa,sulit memisahkan tagihan jasa dengan biaya iklan,terkena pajak lebih besar karena omzet terlihat tinggi
Toli-Toli,toli-toli,Content Creator,content-creator,kreatif,bingung menghitung rate card dan PPh21 dalam satu nota,potensi penghasilan berkurang karena salah perhitungan pajak
Pandeglang,pandeglang,Apotek Rakyat,apotek-rakyat,retail,obat expired tidak terdeteksi karena nota berantakan,kerugian finansial akibat barang dibuang
Kepulauan Mentawai,kepulauan-mentawai,Desainer Grafis,desainer-grafis,kreatif,klien menunda pembayaran termin kedua hingga berbulan-bulan,sulit membayar biaya langganan software desain tepat waktu
Tolikara,tolikara,Studio Foto,studio-foto,kreatif,biaya overtime studio sering lupa dimasukkan,listrik membengkak tanpa tambahan pendapatan
Tabanan,tabanan,Podcast Producer,podcast-producer,kreatif,biaya sewa studio fluktuatif sulit dicatat manual,pembukuan bulanan selalu selisih dan tidak akurat
Karawang,karawang,Kontraktor Bangunan,kontraktor-bangunan,konstruksi,penagihan termin proyek sering terlewat dari jadwal,dana operasional beli material tahap berikutnya macet
Halmahera Timur,halmahera-timur,Arsitek Mandiri,arsitek-mandiri,konstruksi,revisi desain terus bertambah tanpa charge tambahan,waktu pengerjaan molor tidak sebanding dengan honor
Halmahera Barat,halmahera-barat,Guru Musik,guru-musik,jasa,biaya sewa instrumen tidak masuk nota bulanan,aset instrumen rusak tanpa dana cadangan servis
Lahat,lahat,Cleaning Service,cleaning-service,umum,biaya pembersih kimia khusus tidak tercatat invoice,modal habis untuk obat pembersih mahal
Lingga,lingga,Catering Harian,catering-harian,kuliner,rekap pesanan bulanan selisih dengan dapur,salah kirim menu berujung komplain pedas
Morowali,morowali,Ahli Plumbing,ahli-plumbing,konstruksi,biaya material kecil sering lupa dimasukkan ke nota,akumulasi kerugian material merusak profit bulanan
Parigi Moutong,parigi-moutong,Henna Artist,henna-artist,kreatif,biaya transportasi ke lokasi sering lupa dihitung,honor habis di jalan hanya untuk bensin
Ende,ende,Service AC,service-ac,umum,sulit tagih biaya freon yang habis saat pengerjaan,bolak-balik toko material tanpa biaya bensin
Batu,batu,Pengacara Freelance,pengacara-freelance,jasa,biaya operasional sidang sulit ditagihkan rinci,honor pokok habis menutupi biaya perjalanan dinas
Bone Bolango,bone-bolango,Spesialis Atap Bocor,spesialis-atap-bocor,konstruksi,garansi pekerjaan disalahgunakan klien tanpa bukti nota,harus perbaikan gratis meski masa garansi habis
Cimahi,cimahi,Pemilik Laundry,pemilik-laundry,retail,nota kertas sering basah atau hilang di baju,kekeliruan pengambilan baju merusak nama baik
Kampar,kampar,Toko Sepeda,toko-sepeda,retail,biaya servis ringan lupa ditagih saat beli unit,beban kerja mekanik tinggi tanpa pemasukan
Padang Lawas,padang-lawas,Makeup Artist (MUA),makeup-artist-mua,kreatif,invoice manual sering hilang atau terselip di chat WhatsApp,kehilangan kepercayaan dari klien kelas atas
Pekanbaru,pekanbaru,Toko Online,toko-online,retail,sulit buat invoice profesional untuk instansi,kehilangan peluang pesanan besar atau bulk order
Mojokerto,mojokerto,Tukang Kayu Custom,tukang-kayu-custom,konstruksi,pengerjaan furniture lama membuat invoice terlupakan,klien lupa bayar pelunasan karena barang sudah dikirim
Tana Toraja,tana-toraja,Desain Undangan,desain-undangan,kreatif,revisi teks berkali-kali menyita waktu kerja,pendapatan per jam menjadi sangat rendah
Maluku Tenggara,maluku-tenggara,Apotek Rakyat,apotek-rakyat,retail,obat expired tidak terdeteksi karena nota berantakan,kerugian finansial akibat barang dibuang
Ngada,ngada,Jasa Pasang CCTV,jasa-pasang-cctv,konstruksi,sulit menagih biaya kunjungan servis kerusakan kecil,biaya bensin lebih besar dari pendapatan servis
Tulungagung,tulungagung,Jasa Sumur Bor,jasa-sumur-bor,konstruksi,kedalaman sumur meleset dari estimasi awal di invoice,biaya tenaga kerja membengkak tanpa tambahan pendapatan
Banda Aceh,banda-aceh,Kontraktor Kolam Renang,kontraktor-kolam-renang,konstruksi,biaya chemical awal sering dianggap gratis oleh pemilik,pengeluaran rutin operasional menggerus keuntungan
Sukamara,sukamara,Digital Marketer,digital-marketer,jasa,sulit memisahkan tagihan jasa dengan biaya iklan,terkena pajak lebih besar karena omzet terlihat tinggi
Aceh Barat Daya,aceh-barat-daya,Editor Video,editor-video,kreatif,proses render terhambat karena stres memikirkan tagihan belum cair,deadline proyek berantakan dan reputasi profesional menurun
Ngawi,ngawi,Penterjemah,penterjemah,jasa,perhitungan biaya per kata diperdebatkan klien,waktu habis negosiasi ulang tagihan yang selesai
Wajo,wajo,Desain Undangan,desain-undangan,kreatif,revisi teks berkali-kali menyita waktu kerja,pendapatan per jam menjadi sangat rendah
Sragen,sragen,Florist,florist,retail,biaya kirim berubah sesuai jarak lokasi,ongkos kirim nomok karena salah estimasi awal
Luwu Timur,luwu-timur,Jasa Cuci Sepatu,jasa-cuci-sepatu,umum,sulit lacak status pengerjaan dari nota manual,sepatu lama tidak diambil memenuhi rak
Nias Utara,nias-utara,Toko Aksesoris HP,toko-aksesoris-hp,retail,garansi barang diklaim tanpa nota fisik,harus ganti barang yang bukan dibeli dari toko
Bitung,bitung,Jasa Sewa Mobil,jasa-sewa-mobil,umum,biaya denda telat sulit ditagih ke penyewa,kerugian waktu sewa untuk pelanggan berikutnya
Malang,malang,Jasa Sewa Mobil,jasa-sewa-mobil,umum,biaya denda telat sulit ditagih ke penyewa,kerugian waktu sewa untuk pelanggan berikutnya
Pematang Siantar,pematang-siantar,Percetakan Spanduk,percetakan-spanduk,retail,biaya setting desain diminta gratis pelanggan,waktu desainer terbuang tanpa nilai finansial
Sumenep,sumenep,Toko Online,toko-online,retail,sulit buat invoice profesional untuk instansi,kehilangan peluang pesanan besar atau bulk order
Minahasa Tenggara,minahasa-tenggara,Jasa Pasang Wallpaper,jasa-pasang-wallpaper,konstruksi,sisa bahan banyak tidak tercatat sebagai inventaris,modal mati di stok barang sisa yang tidak terpakai
Madiun,madiun,Makeup Artist (MUA),makeup-artist-mua,kreatif,invoice manual sering hilang atau terselip di chat WhatsApp,kehilangan kepercayaan dari klien kelas atas
Biak Numfor,biak-numfor,Pengacara Freelance,pengacara-freelance,jasa,biaya operasional sidang sulit ditagihkan rinci,honor pokok habis menutupi biaya perjalanan dinas
Tebo,tebo,Jasa Setrika,jasa-setrika,umum,pelanggan komplain baju kurang licin tanpa bukti,reputasi menurun akibat subjektivitas komplain
Barito Kuala,barito-kuala,Rental Playstation,rental-playstation,umum,billing waktu dimanipulasi oknum penjaga,kebocoran pendapatan harian sulit dideteksi
Toraja Utara,toraja-utara,Videografer Freelance,videografer-freelance,kreatif,klien meminta revisi tanpa batas karena tidak ada kontrak jelas,waktu produktif habis untuk pekerjaan tidak berbayar
Indragiri Hulu,indragiri-hulu,Agen Properti,agen-properti,jasa,biaya iklan tidak kembali jika rumah belum laku,modal iklan amblas tanpa kepastian komisi
Pasaman Barat,pasaman-barat,Fotografer Pernikahan,fotografer-pernikahan,kreatif,sulit melacak pelunasan sisa pembayaran setelah acara,arus kas tersendat dan tabungan bisnis sering terpakai untuk operasional
Toli-Toli,toli-toli,Desain Undangan,desain-undangan,kreatif,revisi teks berkali-kali menyita waktu kerja,pendapatan per jam menjadi sangat rendah
Ambon,ambon,Jasa Titip,jasa-titip,umum,perubahan kurs saat belanja tidak tercatat nota,keuntungan habis karena selisih kurs merugikan
Merangin,merangin,Event Organizer,event-organizer,jasa,uang muka klien habis untuk operasional awal,kesulitan melunasi vendor di akhir acara
Lumajang,lumajang,Jasa Pengetikan,jasa-pengetikan,jasa,biaya tinta dan kertas dianggap remeh pelanggan,pendapatan bersih hanya cukup beli perlengkapan lagi
Luwu Utara,luwu-utara,Ahli Plumbing,ahli-plumbing,konstruksi,biaya material kecil sering lupa dimasukkan ke nota,akumulasi kerugian material merusak profit bulanan
Pekalongan,pekalongan,Pemilik Laundry,pemilik-laundry,retail,nota kertas sering basah atau hilang di baju,kekeliruan pengambilan baju merusak nama baik
Sibolga,sibolga,Copywriter,copywriter,kreatif,klien korporat meminta format invoice khusus yang rumit,pembayaran tertunda berminggu-minggu karena kesalahan format
Gowa,gowa,Jasa Bongkar Bangunan,jasa-bongkar-bangunan,konstruksi,biaya pembuangan puing ditolak klien di akhir proyek,harus membayar biaya pembuangan sendiri ke pihak ketiga
Maluku Tenggara,maluku-tenggara,Toko Helm,toko-helm,retail,stok gudang tidak sesuai nota penjualan,risiko kehilangan barang akibat kelalaian
Natuna,natuna,Ahli Konstruksi Baja,ahli-konstruksi-baja,konstruksi,kenaikan harga besi mendadak sebelum invoice cair,proyek rugi karena harga beli lebih tinggi dari nota
Kaur,kaur,Editor Naskah,editor-naskah,jasa,waktu membaca lama tidak dihargai profesional,lelah mental tanpa kompensasi finansial layak
Lubuk Linggau,lubuk-linggau,Jasa Setrika,jasa-setrika,umum,pelanggan komplain baju kurang licin tanpa bukti,reputasi menurun akibat subjektivitas komplain
Mojokerto,mojokerto,Fashion Stylist,fashion-stylist,kreatif,sulit menagih ganti rugi jika properti baju rusak oleh klien,harus menanggung biaya perbaikan pakaian yang mahal
Kapuas Hulu,kapuas-hulu,Desain Undangan,desain-undangan,kreatif,revisi teks berkali-kali menyita waktu kerja,pendapatan per jam menjadi sangat rendah
Agam,agam,Jasa Cat Rumah,jasa-cat-rumah,konstruksi,estimasi kebutuhan cat meleset dari invoice awal,keuntungan habis untuk menutupi kekurangan material
Asmat,asmat,Copywriter,copywriter,kreatif,klien korporat meminta format invoice khusus yang rumit,pembayaran tertunda berminggu-minggu karena kesalahan format
Dompu,dompu,Personal Trainer,personal-trainer,jasa,klien membatalkan sesi mendadak tanpa penalti,kehilangan potensi pendapatan dari slot waktu kosong
Sekadau,sekadau,Pet Shop,pet-shop,retail,biaya titip hewan tidak dibayar penuh saat jemput,menanggung biaya makan tanpa bayaran pemilik
Kaimana,kaimana,Cleaning Service,cleaning-service,umum,biaya pembersih kimia khusus tidak tercatat invoice,modal habis untuk obat pembersih mahal
Kepulauan Anambas,kepulauan-anambas,Freelancer,freelancer,jasa,tidak memiliki slip gaji atau invoice untuk kredit,sulit mendapatkan akses perbankan atau KPR
Yogyakarta,yogyakarta,Blogger,blogger,kreatif,pembayaran agency sering melewati jatuh tempo 30 hari,perputaran uang untuk operasional website terganggu
Kulon Progo,kulon-progo,Psikolog,psikolog,jasa,administrasi tagihan berbelit mengganggu fokus empati,kualitas layanan menurun karena beban kerja admin
Tulang Bawang Barat,tulang-bawang-barat,Instruktur Yoga,instruktur-yoga,jasa,jumlah peserta kelas tidak sesuai laporan keuangan,potensi kebocoran pendapatan kelas
Barito Selatan,barito-selatan,Freelancer,freelancer,jasa,tidak memiliki slip gaji atau invoice untuk kredit,sulit mendapatkan akses perbankan atau KPR
Sumba Barat,sumba-barat,Interior Designer,interior-designer,konstruksi,bingung merinci biaya pembelian barang titipan belanja klien,sering terjadi selisih harga yang ditanggung sendiri
Lombok Timur,lombok-timur,Editor Video,editor-video,kreatif,proses render terhambat karena stres memikirkan tagihan belum cair,deadline proyek berantakan dan reputasi profesional menurun
Surabaya,surabaya,Kontraktor Bangunan,kontraktor-bangunan,konstruksi,penagihan termin proyek sering terlewat dari jadwal,dana operasional beli material tahap berikutnya macet
Kepulauan Aru,kepulauan-aru,Voice Over Artist,voice-over-artist,kreatif,sulit menagih biaya tambahan untuk durasi penggunaan suara,kehilangan pendapatan pasif dari hak siar
Serang,serang,Basmi Hama,basmi-hama,umum,garansi hama tidak kembali sulit dibuktikan,harus kunjungan ulang gratis yang merugikan
Bengkayang,bengkayang,Pet Shop,pet-shop,retail,biaya titip hewan tidak dibayar penuh saat jemput,menanggung biaya makan tanpa bayaran pemilik
Singkawang,singkawang,Jasa Cat Rumah,jasa-cat-rumah,konstruksi,estimasi kebutuhan cat meleset dari invoice awal,keuntungan habis untuk menutupi kekurangan material
Kapuas,kapuas,Akupuntur,akupuntur,umum,rekap kunjungan pasien per bulan manual/lambat,pasien lama tidak dipantau untuk sesi lanjut
Tojo Una-Una,tojo-una-una,Jasa Bongkar Bangunan,jasa-bongkar-bangunan,konstruksi,biaya pembuangan puing ditolak klien di akhir proyek,harus membayar biaya pembuangan sendiri ke pihak ketiga
Bolaang Mongondow Utara,bolaang-mongondow-utara,Data Analyst,data-analyst,jasa,biaya komputasi cloud lupa dibebankan ke klien,keuntungan bersih terpotong biaya server mahal
Kampar,kampar,Tukang Pasang Keramik,tukang-pasang-keramik,konstruksi,pecahnya keramik saat pemasangan tidak terhitung di biaya,margin keuntungan habis untuk ganti keramik rusak
Banda Aceh,banda-aceh,Studio Foto,studio-foto,kreatif,biaya overtime studio sering lupa dimasukkan,listrik membengkak tanpa tambahan pendapatan
Raja Ampat,raja-ampat,Event Organizer,event-organizer,jasa,uang muka klien habis untuk operasional awal,kesulitan melunasi vendor di akhir acara
Kepulauan Yapen,kepulauan-yapen,Penterjemah,penterjemah,jasa,perhitungan biaya per kata diperdebatkan klien,waktu habis negosiasi ulang tagihan yang selesai
Pacitan,pacitan,Toko Sepeda,toko-sepeda,retail,biaya servis ringan lupa ditagih saat beli unit,beban kerja mekanik tinggi tanpa pemasukan
Sigi,sigi,Toko Jam,toko-jam,retail,biaya ganti baterai dianggap sepele pelanggan,margin kecil jika tidak dikelola merusak profit
Tebo,tebo,Pengacara Freelance,pengacara-freelance,jasa,biaya operasional sidang sulit ditagihkan rinci,honor pokok habis menutupi biaya perjalanan dinas
Ogan Komering Ulu Selatan,ogan-komering-ulu-selatan,Personal Trainer,personal-trainer,jasa,klien membatalkan sesi mendadak tanpa penalti,kehilangan potensi pendapatan dari slot waktu kosong
Karangasem,karangasem,Jasa Sewa Mobil,jasa-sewa-mobil,umum,biaya denda telat sulit ditagih ke penyewa,kerugian waktu sewa untuk pelanggan berikutnya
Tasikmalaya,tasikmalaya,Service Laptop,service-laptop,umum,biaya cek tidak dibayar jika tidak jadi servis,waktu dan keahlian teknisi terbuang sia-sia
Minahasa Utara,minahasa-utara,Guru Musik,guru-musik,jasa,biaya sewa instrumen tidak masuk nota bulanan,aset instrumen rusak tanpa dana cadangan servis
Maluku Barat Daya,maluku-barat-daya,Editor Naskah,editor-naskah,jasa,waktu membaca lama tidak dihargai profesional,lelah mental tanpa kompensasi finansial layak
Rejang Lebong,rejang-lebong,Jasa Jahit,jasa-jahit,umum,klien tidak ambil baju selesai berbulan-bulan,modal kain dan tenaga tertahan di barang
Banjarnegara,banjarnegara,Bengkel Motor,bengkel-motor,retail,stok sparepart keluar tidak tercatat di nota,modal habis untuk stok tapi uang tidak kembali
Padang Panjang,padang-panjang,Rental Playstation,rental-playstation,umum,billing waktu dimanipulasi oknum penjaga,kebocoran pendapatan harian sulit dideteksi
Aceh Utara,aceh-utara,Arsitek Mandiri,arsitek-mandiri,konstruksi,revisi desain terus bertambah tanpa charge tambahan,waktu pengerjaan molor tidak sebanding dengan honor
Manggarai,manggarai,Desain Undangan,desain-undangan,kreatif,revisi teks berkali-kali menyita waktu kerja,pendapatan per jam menjadi sangat rendah
Bengkulu Selatan,bengkulu-selatan,UI/UX Designer,ui/ux-designer,kreatif,dokumentasi pembayaran startup sering tidak terorganisir,sulit melakukan audit keuangan pribadi di akhir tahun
Sintang,sintang,Jasa Setrika,jasa-setrika,umum,pelanggan komplain baju kurang licin tanpa bukti,reputasi menurun akibat subjektivitas komplain
Mamberamo Tengah,mamberamo-tengah,Spesialis Atap Bocor,spesialis-atap-bocor,konstruksi,garansi pekerjaan disalahgunakan klien tanpa bukti nota,harus perbaikan gratis meski masa garansi habis
Palopo,palopo,Basmi Hama,basmi-hama,umum,garansi hama tidak kembali sulit dibuktikan,harus kunjungan ulang gratis yang merugikan
Mamuju,mamuju,Videografer Freelance,videografer-freelance,kreatif,klien meminta revisi tanpa batas karena tidak ada kontrak jelas,waktu produktif habis untuk pekerjaan tidak berbayar
Banjarnegara,banjarnegara,Psikolog,psikolog,jasa,administrasi tagihan berbelit mengganggu fokus empati,kualitas layanan menurun karena beban kerja admin
Halmahera Tengah,halmahera-tengah,Freelancer,freelancer,jasa,tidak memiliki slip gaji atau invoice untuk kredit,sulit mendapatkan akses perbankan atau KPR
Morowali,morowali,Jasa Pasang CCTV,jasa-pasang-cctv,konstruksi,sulit menagih biaya kunjungan servis kerusakan kecil,biaya bensin lebih besar dari pendapatan servis
Sumba Barat,sumba-barat,Kontraktor Bangunan,kontraktor-bangunan,konstruksi,penagihan termin proyek sering terlewat dari jadwal,dana operasional beli material tahap berikutnya macet
Buru,buru,Podcast Producer,podcast-producer,kreatif,biaya sewa studio fluktuatif sulit dicatat manual,pembukuan bulanan selalu selisih dan tidak akurat
Sarolangun,sarolangun,Jasa Pasang Parquet,jasa-pasang-parquet,konstruksi,kelembaban ruangan merusak kayu tidak tercatat risikonya,klien menuntut ganti rugi penuh atas kerusakan alamiah
Pasaman Barat,pasaman-barat,Toko Pancing,toko-pancing,retail,sulit kelola retur pelanggan ke distributor,modal tertahan di barang rusak tidak terjual
Kapuas Hulu,kapuas-hulu,Tour Guide,tour-guide,jasa,biaya tips dan makan tidak tercatat penghasilan,perhitungan pajak tahunan menjadi tidak akurat
Bintan,bintan,Jasa Cuci Sepatu,jasa-cuci-sepatu,umum,sulit lacak status pengerjaan dari nota manual,sepatu lama tidak diambil memenuhi rak
Cimahi,cimahi,Ahli Plumbing,ahli-plumbing,konstruksi,biaya material kecil sering lupa dimasukkan ke nota,akumulasi kerugian material merusak profit bulanan
Majene,majene,Content Creator,content-creator,kreatif,bingung menghitung rate card dan PPh21 dalam satu nota,potensi penghasilan berkurang karena salah perhitungan pajak
Sekadau,sekadau,Basmi Hama,basmi-hama,umum,garansi hama tidak kembali sulit dibuktikan,harus kunjungan ulang gratis yang merugikan
Sambas,sambas,Blogger,blogger,kreatif,pembayaran agency sering melewati jatuh tempo 30 hari,perputaran uang untuk operasional website terganggu
Siak,siak,Data Analyst,data-analyst,jasa,biaya komputasi cloud lupa dibebankan ke klien,keuntungan bersih terpotong biaya server mahal
Kapuas,kapuas,Henna Artist,henna-artist,kreatif,biaya transportasi ke lokasi sering lupa dihitung,honor habis di jalan hanya untuk bensin
Tolikara,tolikara,Instruktur Yoga,instruktur-yoga,jasa,jumlah peserta kelas tidak sesuai laporan keuangan,potensi kebocoran pendapatan kelas
Kepulauan Mentawai,kepulauan-mentawai,Akupuntur,akupuntur,umum,rekap kunjungan pasien per bulan manual/lambat,pasien lama tidak dipantau untuk sesi lanjut
Puncak,puncak,Akupuntur,akupuntur,umum,rekap kunjungan pasien per bulan manual/lambat,pasien lama tidak dipantau untuk sesi lanjut
Bulukumba,bulukumba,Ahli Konstruksi Baja,ahli-konstruksi-baja,konstruksi,kenaikan harga besi mendadak sebelum invoice cair,proyek rugi karena harga beli lebih tinggi dari nota
Gorontalo,gorontalo,Jasa Jahit,jasa-jahit,umum,klien tidak ambil baju selesai berbulan-bulan,modal kain dan tenaga tertahan di barang
Banda Aceh,banda-aceh,Guru Musik,guru-musik,jasa,biaya sewa instrumen tidak masuk nota bulanan,aset instrumen rusak tanpa dana cadangan servis
Morowali,morowali,Toko Oleh-oleh,toko-oleh-oleh,retail,sulit buat invoice rombongan bus pariwisata,transaksi lama membuat pelanggan tidak nyaman
Kepulauan Mentawai,kepulauan-mentawai,Tukang Listrik,tukang-listrik,konstruksi,sulit memberikan bukti pembayaran formal untuk klaim kantor,klien perusahaan besar enggan memakai jasa kembali
Konawe Utara,konawe-utara,Makeup Artist (MUA),makeup-artist-mua,kreatif,invoice manual sering hilang atau terselip di chat WhatsApp,kehilangan kepercayaan dari klien kelas atas
Pontianak,pontianak,Life Coach,life-coach,jasa,klien menunggak bayar karena hubungan terlalu dekat,profesionalisme rusak oleh rasa sungkan menagih
Kapuas Hulu,kapuas-hulu,Jasa Jahit,jasa-jahit,umum,klien tidak ambil baju selesai berbulan-bulan,modal kain dan tenaga tertahan di barang
Pekalongan,pekalongan,Toko Aksesoris HP,toko-aksesoris-hp,retail,garansi barang diklaim tanpa nota fisik,harus ganti barang yang bukan dibeli dari toko
Barito Kuala,barito-kuala,Sewa Alat Camping,sewa-alat-camping,umum,kerusakan alat saat mendaki tidak diganti penyewa,aset bisnis habis rusak tanpa biaya perbaikan
Manokwari,manokwari,Agen Properti,agen-properti,jasa,biaya iklan tidak kembali jika rumah belum laku,modal iklan amblas tanpa kepastian komisi
Paser,paser,Editor Naskah,editor-naskah,jasa,waktu membaca lama tidak dihargai profesional,lelah mental tanpa kompensasi finansial layak
Purworejo,purworejo,Cleaning Service,cleaning-service,umum,biaya pembersih kimia khusus tidak tercatat invoice,modal habis untuk obat pembersih mahal
Kolaka,kolaka,Editor Video,editor-video,kreatif,proses render terhambat karena stres memikirkan tagihan belum cair,deadline proyek berantakan dan reputasi profesional menurun
Waropen,waropen,Toko Helm,toko-helm,retail,stok gudang tidak sesuai nota penjualan,risiko kehilangan barang akibat kelalaian
Gunungsitoli,gunungsitoli,Makeup Artist (MUA),makeup-artist-mua,kreatif,invoice manual sering hilang atau terselip di chat WhatsApp,kehilangan kepercayaan dari klien kelas atas
Maluku Barat Daya,maluku-barat-daya,Notaris,notaris,jasa,rekap biaya PNBP banyak membingungkan asisten,risiko teguran instansi jika terjadi selisih bayar
Mamasa,mamasa,Digital Marketer,digital-marketer,jasa,sulit memisahkan tagihan jasa dengan biaya iklan,terkena pajak lebih besar karena omzet terlihat tinggi
Yahukimo,yahukimo,Toko Sepeda,toko-sepeda,retail,biaya servis ringan lupa ditagih saat beli unit,beban kerja mekanik tinggi tanpa pemasukan
Ponorogo,ponorogo,Event Organizer,event-organizer,jasa,uang muka klien habis untuk operasional awal,kesulitan melunasi vendor di akhir acara
Jakarta Pusat,jakarta-pusat,Guru Musik,guru-musik,jasa,biaya sewa instrumen tidak masuk nota bulanan,aset instrumen rusak tanpa dana cadangan servis
Padang Pariaman,padang-pariaman,Podcast Producer,podcast-producer,kreatif,biaya sewa studio fluktuatif sulit dicatat manual,pembukuan bulanan selalu selisih dan tidak akurat
Gunung Mas,gunung-mas,Ahli Plumbing,ahli-plumbing,konstruksi,biaya material kecil sering lupa dimasukkan ke nota,akumulasi kerugian material merusak profit bulanan
Pandeglang,pandeglang,Fotografer Pernikahan,fotografer-pernikahan,kreatif,sulit melacak pelunasan sisa pembayaran setelah acara,arus kas tersendat dan tabungan bisnis sering terpakai untuk operasional
Pakpak Bharat,pakpak-bharat,Agen Properti,agen-properti,jasa,biaya iklan tidak kembali jika rumah belum laku,modal iklan amblas tanpa kepastian komisi
Mojokerto,mojokerto,Jasa Pasang Parquet,jasa-pasang-parquet,konstruksi,kelembaban ruangan merusak kayu tidak tercatat risikonya,klien menuntut ganti rugi penuh atas kerusakan alamiah
Bontang,bontang,Desain Undangan,desain-undangan,kreatif,revisi teks berkali-kali menyita waktu kerja,pendapatan per jam menjadi sangat rendah
Toraja Utara,toraja-utara,Desain Undangan,desain-undangan,kreatif,revisi teks berkali-kali menyita waktu kerja,pendapatan per jam menjadi sangat rendah
Pasaman Barat,pasaman-barat,Social Media Manager,social-media-manager,kreatif,sulit membuktikan laporan kerja bulanan yang sudah terbayar,terjadi tumpang tindih penagihan yang membingungkan klien
Bolaang Mongondow Timur,bolaang-mongondow-timur,Pengacara Freelance,pengacara-freelance,jasa,biaya operasional sidang sulit ditagihkan rinci,honor pokok habis menutupi biaya perjalanan dinas
Pidie,pidie,Service AC,service-ac,umum,sulit tagih biaya freon yang habis saat pengerjaan,bolak-balik toko material tanpa biaya bensin
Manokwari,manokwari,Pindahan Rumah,pindahan-rumah,umum,barang lecet di jalan tidak tercover nota,tuntutan ganti rugi klien melebihi biaya jasa
Pandeglang,pandeglang,Bakery Rumahan,bakery-rumahan,kuliner,biaya packaging cantik lupa masuk harga jual,terlihat premium tapi margin sangat tipis
Ketapang,ketapang,Sewa Alat Camping,sewa-alat-camping,umum,kerusakan alat saat mendaki tidak diganti penyewa,aset bisnis habis rusak tanpa biaya perbaikan
Aceh Tamiang,aceh-tamiang,Illustrator,illustrator,kreatif,sulit melacak lisensi karya karena invoice tidak mencantumkan hak cipta,karya digunakan komersial tanpa royalti yang sah
Blora,blora,Mandor Borongan,mandor-borongan,konstruksi,sulit membagi gaji karena catatan kas bon berantakan,kepercayaan anak buah menurun dan proyek terbengkalai
Mesuji,mesuji,Apotek Rakyat,apotek-rakyat,retail,obat expired tidak terdeteksi karena nota berantakan,kerugian finansial akibat barang dibuang
Parigi Moutong,parigi-moutong,Toko Helm,toko-helm,retail,stok gudang tidak sesuai nota penjualan,risiko kehilangan barang akibat kelalaian
Pariaman,pariaman,Pindahan Rumah,pindahan-rumah,umum,barang lecet di jalan tidak tercover nota,tuntutan ganti rugi klien melebihi biaya jasa
Jakarta Pusat,jakarta-pusat,Interior Designer,interior-designer,konstruksi,bingung merinci biaya pembelian barang titipan belanja klien,sering terjadi selisih harga yang ditanggung sendiri
Maluku Barat Daya,maluku-barat-daya,Jasa Sumur Bor,jasa-sumur-bor,konstruksi,kedalaman sumur meleset dari estimasi awal di invoice,biaya tenaga kerja membengkak tanpa tambahan pendapatan
Kendal,kendal,Percetakan Spanduk,percetakan-spanduk,retail,biaya setting desain diminta gratis pelanggan,waktu desainer terbuang tanpa nilai finansial
Cilacap,cilacap,Arsitek Mandiri,arsitek-mandiri,konstruksi,revisi desain terus bertambah tanpa charge tambahan,waktu pengerjaan molor tidak sebanding dengan honor
Probolinggo,probolinggo,Toko Aksesoris HP,toko-aksesoris-hp,retail,garansi barang diklaim tanpa nota fisik,harus ganti barang yang bukan dibeli dari toko
Yogyakarta,yogyakarta,Pet Shop,pet-shop,retail,biaya titip hewan tidak dibayar penuh saat jemput,menanggung biaya makan tanpa bayaran pemilik
Gowa,gowa,Toko Alat Tulis,toko-alat-tulis,retail,pembelian eceran instansi sulit nota gabungan,pelanggan instansi pindah ke toko lain
Aceh Barat,aceh-barat,Jasa Cat Rumah,jasa-cat-rumah,konstruksi,estimasi kebutuhan cat meleset dari invoice awal,keuntungan habis untuk menutupi kekurangan material
Pacitan,pacitan,Event Organizer,event-organizer,jasa,uang muka klien habis untuk operasional awal,kesulitan melunasi vendor di akhir acara
Bengkalis,bengkalis,Kontraktor Kolam Renang,kontraktor-kolam-renang,konstruksi,biaya chemical awal sering dianggap gratis oleh pemilik,pengeluaran rutin operasional menggerus keuntungan
Konawe,konawe,Distributor Telur,distributor-telur,retail,risiko telur pecah kirim tidak terhitung nota,keuntungan harian tergerus penyusutan barang
Musi Rawas,musi-rawas,Copywriter,copywriter,kreatif,klien korporat meminta format invoice khusus yang rumit,pembayaran tertunda berminggu-minggu karena kesalahan format
Indramayu,indramayu,Life Coach,life-coach,jasa,klien menunggak bayar karena hubungan terlalu dekat,profesionalisme rusak oleh rasa sungkan menagih
Kuningan,kuningan,Jasa Bongkar Bangunan,jasa-bongkar-bangunan,konstruksi,biaya pembuangan puing ditolak klien di akhir proyek,harus membayar biaya pembuangan sendiri ke pihak ketiga
Nias Barat,nias-barat,Pet Shop,pet-shop,retail,biaya titip hewan tidak dibayar penuh saat jemput,menanggung biaya makan tanpa bayaran pemilik
Lumajang,lumajang,Bakery Rumahan,bakery-rumahan,kuliner,biaya packaging cantik lupa masuk harga jual,terlihat premium tapi margin sangat tipis
Kolaka Utara,kolaka-utara,Kontraktor Kolam Renang,kontraktor-kolam-renang,konstruksi,biaya chemical awal sering dianggap gratis oleh pemilik,pengeluaran rutin operasional menggerus keuntungan
Sabu Raijua,sabu-raijua,Copywriter,copywriter,kreatif,klien korporat meminta format invoice khusus yang rumit,pembayaran tertunda berminggu-minggu karena kesalahan format
Dompu,dompu,Jasa Pasang Kanopi,jasa-pasang-kanopi,konstruksi,sulit mengelola uang muka (DP) dari banyak pelanggan,kehabisan modal di tengah jalan sebelum proyek selesai
Lamongan,lamongan,Pindahan Rumah,pindahan-rumah,umum,barang lecet di jalan tidak tercover nota,tuntutan ganti rugi klien melebihi biaya jasa
Bengkulu,bengkulu,Jasa Titip,jasa-titip,umum,perubahan kurs saat belanja tidak tercatat nota,keuntungan habis karena selisih kurs merugikan
Maluku Barat Daya,maluku-barat-daya,Desainer Grafis,desainer-grafis,kreatif,klien menunda pembayaran termin kedua hingga berbulan-bulan,sulit membayar biaya langganan software desain tepat waktu
Magelang,magelang,Fashion Stylist,fashion-stylist,kreatif,sulit menagih ganti rugi jika properti baju rusak oleh klien,harus menanggung biaya perbaikan pakaian yang mahal
Bukittinggi,bukittinggi,Kontraktor Bangunan,kontraktor-bangunan,konstruksi,penagihan termin proyek sering terlewat dari jadwal,dana operasional beli material tahap berikutnya macet
Musi Banyuasin,musi-banyuasin,Kontraktor Bangunan,kontraktor-bangunan,konstruksi,penagihan termin proyek sering terlewat dari jadwal,dana operasional beli material tahap berikutnya macet
Maluku Tengah,maluku-tengah,Data Analyst,data-analyst,jasa,biaya komputasi cloud lupa dibebankan ke klien,keuntungan bersih terpotong biaya server mahal
Tebo,tebo,Drone Pilot,drone-pilot,kreatif,risiko kerusakan alat tinggi tidak tercatat di biaya jasa,tabungan habis untuk perbaikan alat tanpa cadangan biaya
Tapin,tapin,Distributor Telur,distributor-telur,retail,risiko telur pecah kirim tidak terhitung nota,keuntungan harian tergerus penyusutan barang
Aceh Singkil,aceh-singkil,Personal Trainer,personal-trainer,jasa,klien membatalkan sesi mendadak tanpa penalti,kehilangan potensi pendapatan dari slot waktu kosong
Blitar,blitar,Tukang Pasang Keramik,tukang-pasang-keramik,konstruksi,pecahnya keramik saat pemasangan tidak terhitung di biaya,margin keuntungan habis untuk ganti keramik rusak
Ogan Komering Ulu Selatan,ogan-komering-ulu-selatan,Pengacara Freelance,pengacara-freelance,jasa,biaya operasional sidang sulit ditagihkan rinci,honor pokok habis menutupi biaya perjalanan dinas
Maluku Barat Daya,maluku-barat-daya,Jasa Sewa Mobil,jasa-sewa-mobil,umum,biaya denda telat sulit ditagih ke penyewa,kerugian waktu sewa untuk pelanggan berikutnya
Puncak,puncak,Life Coach,life-coach,jasa,klien menunggak bayar karena hubungan terlalu dekat,profesionalisme rusak oleh rasa sungkan menagih
Temanggung,temanggung,Kontraktor Bangunan,kontraktor-bangunan,konstruksi,penagihan termin proyek sering terlewat dari jadwal,dana operasional beli material tahap berikutnya macet
Minahasa Tenggara,minahasa-tenggara,Ahli Konstruksi Baja,ahli-konstruksi-baja,konstruksi,kenaikan harga besi mendadak sebelum invoice cair,proyek rugi karena harga beli lebih tinggi dari nota
Lampung Barat,lampung-barat,Catering Harian,catering-harian,kuliner,rekap pesanan bulanan selisih dengan dapur,salah kirim menu berujung komplain pedas
Seram Bagian Barat,seram-bagian-barat,Pemilik Laundry,pemilik-laundry,retail,nota kertas sering basah atau hilang di baju,kekeliruan pengambilan baju merusak nama baik
Padang Pariaman,padang-pariaman,Service Laptop,service-laptop,umum,biaya cek tidak dibayar jika tidak jadi servis,waktu dan keahlian teknisi terbuang sia-sia
Nduga,nduga,Percetakan Spanduk,percetakan-spanduk,retail,biaya setting desain diminta gratis pelanggan,waktu desainer terbuang tanpa nilai finansial
Pekalongan,pekalongan,Freelancer,freelancer,jasa,tidak memiliki slip gaji atau invoice untuk kredit,sulit mendapatkan akses perbankan atau KPR
Sambas,sambas,Illustrator,illustrator,kreatif,sulit melacak lisensi karya karena invoice tidak mencantumkan hak cipta,karya digunakan komersial tanpa royalti yang sah
Intan Jaya,intan-jaya,Psikolog,psikolog,jasa,administrasi tagihan berbelit mengganggu fokus empati,kualitas layanan menurun karena beban kerja admin
Halmahera Selatan,halmahera-selatan,Videografer Freelance,videografer-freelance,kreatif,klien meminta revisi tanpa batas karena tidak ada kontrak jelas,waktu produktif habis untuk pekerjaan tidak berbayar
Mamuju,mamuju,Content Creator,content-creator,kreatif,bingung menghitung rate card dan PPh21 dalam satu nota,potensi penghasilan berkurang karena salah perhitungan pajak
Tulang Bawang Barat,tulang-bawang-barat,Rental Playstation,rental-playstation,umum,billing waktu dimanipulasi oknum penjaga,kebocoran pendapatan harian sulit dideteksi
Seram Bagian Timur,seram-bagian-timur,UI/UX Designer,ui/ux-designer,kreatif,dokumentasi pembayaran startup sering tidak terorganisir,sulit melakukan audit keuangan pribadi di akhir tahun
Pasuruan,pasuruan,Distributor Telur,distributor-telur,retail,risiko telur pecah kirim tidak terhitung nota,keuntungan harian tergerus penyusutan barang
Wonosobo,wonosobo,Drone Pilot,drone-pilot,kreatif,risiko kerusakan alat tinggi tidak tercatat di biaya jasa,tabungan habis untuk perbaikan alat tanpa cadangan biaya
Tapanuli Selatan,tapanuli-selatan,Henna Artist,henna-artist,kreatif,biaya transportasi ke lokasi sering lupa dihitung,honor habis di jalan hanya untuk bensin
Pacitan,pacitan,Sewa Alat Camping,sewa-alat-camping,umum,kerusakan alat saat mendaki tidak diganti penyewa,aset bisnis habis rusak tanpa biaya perbaikan
Palopo,palopo,Studio Foto,studio-foto,kreatif,biaya overtime studio sering lupa dimasukkan,listrik membengkak tanpa tambahan pendapatan
Ogan Komering Ulu Selatan,ogan-komering-ulu-selatan,Konsultan Pajak,konsultan-pajak,jasa,menghabiskan waktu berjam-jam membuat format nota,fokus analisis data klien menjadi terpecah
Bengkalis,bengkalis,Toko Pancing,toko-pancing,retail,sulit kelola retur pelanggan ke distributor,modal tertahan di barang rusak tidak terjual
Alor,alor,Guru Musik,guru-musik,jasa,biaya sewa instrumen tidak masuk nota bulanan,aset instrumen rusak tanpa dana cadangan servis
Kepulauan Sangihe,kepulauan-sangihe,Jasa Sewa Mobil,jasa-sewa-mobil,umum,biaya denda telat sulit ditagih ke penyewa,kerugian waktu sewa untuk pelanggan berikutnya
Padang Panjang,padang-panjang,Service Laptop,service-laptop,umum,biaya cek tidak dibayar jika tidak jadi servis,waktu dan keahlian teknisi terbuang sia-sia
Tomohon,tomohon,Wedding Organizer,wedding-organizer,kreatif,rekap tagihan banyak vendor dalam satu proyek sering selisih,risiko salah bayar vendor yang merugikan margin profit
Belitung Timur,belitung-timur,Toko Online,toko-online,retail,sulit buat invoice profesional untuk instansi,kehilangan peluang pesanan besar atau bulk order
Tanggamus,tanggamus,Sewa Alat Camping,sewa-alat-camping,umum,kerusakan alat saat mendaki tidak diganti penyewa,aset bisnis habis rusak tanpa biaya perbaikan
Nagekeo,nagekeo,Custom Mahar,custom-mahar,kreatif,harga bingkai naik mendadak tidak tercover,bisnis merugi karena kenaikan bahan baku
Kepulauan Yapen,kepulauan-yapen,Kontraktor Kolam Renang,kontraktor-kolam-renang,konstruksi,biaya chemical awal sering dianggap gratis oleh pemilik,pengeluaran rutin operasional menggerus keuntungan
Belitung,belitung,Jasa Pasang Wallpaper,jasa-pasang-wallpaper,konstruksi,sisa bahan banyak tidak tercatat sebagai inventaris,modal mati di stok barang sisa yang tidak terpakai
Luwu Timur,luwu-timur,Jasa Titip,jasa-titip,umum,perubahan kurs saat belanja tidak tercatat nota,keuntungan habis karena selisih kurs merugikan
Musi Banyuasin,musi-banyuasin,Toko Online,toko-online,retail,sulit buat invoice profesional untuk instansi,kehilangan peluang pesanan besar atau bulk order
Banjarmasin,banjarmasin,Event Organizer,event-organizer,jasa,uang muka klien habis untuk operasional awal,kesulitan melunasi vendor di akhir acara
Pandeglang,pandeglang,Toko Sepeda,toko-sepeda,retail,biaya servis ringan lupa ditagih saat beli unit,beban kerja mekanik tinggi tanpa pemasukan
Minahasa,minahasa,Ahli Konstruksi Baja,ahli-konstruksi-baja,konstruksi,kenaikan harga besi mendadak sebelum invoice cair,proyek rugi karena harga beli lebih tinggi dari nota
Bima,bima,Illustrator,illustrator,kreatif,sulit melacak lisensi karya karena invoice tidak mencantumkan hak cipta,karya digunakan komersial tanpa royalti yang sah
Wonogiri,wonogiri,Data Analyst,data-analyst,jasa,biaya komputasi cloud lupa dibebankan ke klien,keuntungan bersih terpotong biaya server mahal
Tanjung Pinang,tanjung-pinang,Warung Kopi,warung-kopi,kuliner,pengeluaran bahan baku harian tidak terkontrol,bisnis ramai tapi pemilik tidak pegang uang
Minahasa,minahasa,Personal Trainer,personal-trainer,jasa,klien membatalkan sesi mendadak tanpa penalti,kehilangan potensi pendapatan dari slot waktu kosong
Tabalong,tabalong,Jasa Pengetikan,jasa-pengetikan,jasa,biaya tinta dan kertas dianggap remeh pelanggan,pendapatan bersih hanya cukup beli perlengkapan lagi
Pohuwato,pohuwato,Sewa Alat Camping,sewa-alat-camping,umum,kerusakan alat saat mendaki tidak diganti penyewa,aset bisnis habis rusak tanpa biaya perbaikan
Pacitan,pacitan,Toko Helm,toko-helm,retail,stok gudang tidak sesuai nota penjualan,risiko kehilangan barang akibat kelalaian
Lebong,lebong,Jasa Sewa Mobil,jasa-sewa-mobil,umum,biaya denda telat sulit ditagih ke penyewa,kerugian waktu sewa untuk pelanggan berikutnya
Kotawaringin Timur,kotawaringin-timur,Personal Trainer,personal-trainer,jasa,klien membatalkan sesi mendadak tanpa penalti,kehilangan potensi pendapatan dari slot waktu kosong
Pulau Morotai,pulau-morotai,Wedding Organizer,wedding-organizer,kreatif,rekap tagihan banyak vendor dalam satu proyek sering selisih,risiko salah bayar vendor yang merugikan margin profit
Sabang,sabang,Distributor Telur,distributor-telur,retail,risiko telur pecah kirim tidak terhitung nota,keuntungan harian tergerus penyusutan barang
Cilegon,cilegon,Pemilik Laundry,pemilik-laundry,retail,nota kertas sering basah atau hilang di baju,kekeliruan pengambilan baju merusak nama baik
Pangkal Pinang,pangkal-pinang,Jasa Setrika,jasa-setrika,umum,pelanggan komplain baju kurang licin tanpa bukti,reputasi menurun akibat subjektivitas komplain
Dharmasraya,dharmasraya,Jasa Pengetikan,jasa-pengetikan,jasa,biaya tinta dan kertas dianggap remeh pelanggan,pendapatan bersih hanya cukup beli perlengkapan lagi
Dairi,dairi,Toko Pancing,toko-pancing,retail,sulit kelola retur pelanggan ke distributor,modal tertahan di barang rusak tidak terjual
Kuantan Singingi,kuantan-singingi,Basmi Hama,basmi-hama,umum,garansi hama tidak kembali sulit dibuktikan,harus kunjungan ulang gratis yang merugikan
Lembata,lembata,Tour Guide,tour-guide,jasa,biaya tips dan makan tidak tercatat penghasilan,perhitungan pajak tahunan menjadi tidak akurat
Karawang,karawang,Personal Trainer,personal-trainer,jasa,klien membatalkan sesi mendadak tanpa penalti,kehilangan potensi pendapatan dari slot waktu kosong
Lhokseumawe,lhokseumawe,Content Creator,content-creator,kreatif,bingung menghitung rate card dan PPh21 dalam satu nota,potensi penghasilan berkurang karena salah perhitungan pajak
Minahasa Selatan,minahasa-selatan,Jasa Pasang Wallpaper,jasa-pasang-wallpaper,konstruksi,sisa bahan banyak tidak tercatat sebagai inventaris,modal mati di stok barang sisa yang tidak terpakai
Tanjung Jabung Barat,tanjung-jabung-barat,Kontraktor Bangunan,kontraktor-bangunan,konstruksi,penagihan termin proyek sering terlewat dari jadwal,dana operasional beli material tahap berikutnya macet
Ogan Ilir,ogan-ilir,Content Creator,content-creator,kreatif,bingung menghitung rate card dan PPh21 dalam satu nota,potensi penghasilan berkurang karena salah perhitungan pajak
Bantul,bantul,Mandor Borongan,mandor-borongan,konstruksi,sulit membagi gaji karena catatan kas bon berantakan,kepercayaan anak buah menurun dan proyek terbengkalai
Bombana,bombana,Desainer Grafis,desainer-grafis,kreatif,klien menunda pembayaran termin kedua hingga berbulan-bulan,sulit membayar biaya langganan software desain tepat waktu
Kendal,kendal,Tour Guide,tour-guide,jasa,biaya tips dan makan tidak tercatat penghasilan,perhitungan pajak tahunan menjadi tidak akurat
Lahat,lahat,Konsultan Pajak,konsultan-pajak,jasa,menghabiskan waktu berjam-jam membuat format nota,fokus analisis data klien menjadi terpecah
Pasaman Barat,pasaman-barat,Konsultan Pajak,konsultan-pajak,jasa,menghabiskan waktu berjam-jam membuat format nota,fokus analisis data klien menjadi terpecah
Jakarta Selatan,jakarta-selatan,Konsultan Bisnis,konsultan-bisnis,jasa,sulit melacak jam konsultasi via telepon atau VC,banyak ilmu diberikan gratis tanpa kompensasi
Mapurujaya,mapurujaya,Spesialis Atap Bocor,spesialis-atap-bocor,konstruksi,garansi pekerjaan disalahgunakan klien tanpa bukti nota,harus perbaikan gratis meski masa garansi habis
Manokwari,manokwari,Instruktur Yoga,instruktur-yoga,jasa,jumlah peserta kelas tidak sesuai laporan keuangan,potensi kebocoran pendapatan kelas
Humbang Hasundutan,humbang-hasundutan,Toko Bangunan,toko-bangunan,retail,utang mandor menumpuk sulit dilacak tanpa sistem,macetnya arus kas membuat toko terancam tutup
Blitar,blitar,Fashion Stylist,fashion-stylist,kreatif,sulit menagih ganti rugi jika properti baju rusak oleh klien,harus menanggung biaya perbaikan pakaian yang mahal
Kediri,kediri,Music Producer,music-producer,kreatif,pembagian royalti antar musisi tidak tercatat di sistem,potensi konflik hukum dengan rekan kerja di masa depan
Kotawaringin Timur,kotawaringin-timur,Pindahan Rumah,pindahan-rumah,umum,barang lecet di jalan tidak tercover nota,tuntutan ganti rugi klien melebihi biaya jasa
Purwakarta,purwakarta,Tutor Privat,tutor-privat,jasa,rekap jam mengajar bulanan tidak akurat di mata wali murid,pendapatan berkurang karena sesi dianggap belum masuk
Bintan,bintan,Tukang Pasang Keramik,tukang-pasang-keramik,konstruksi,pecahnya keramik saat pemasangan tidak terhitung di biaya,margin keuntungan habis untuk ganti keramik rusak
Subulussalam,subulussalam,Toko Helm,toko-helm,retail,stok gudang tidak sesuai nota penjualan,risiko kehilangan barang akibat kelalaian
Kotabaru,kotabaru,Service AC,service-ac,umum,sulit tagih biaya freon yang habis saat pengerjaan,bolak-balik toko material tanpa biaya bensin
Ogan Ilir,ogan-ilir,Guru Musik,guru-musik,jasa,biaya sewa instrumen tidak masuk nota bulanan,aset instrumen rusak tanpa dana cadangan servis
Muko Muko,muko-muko,Barbershop,barbershop,umum,sulit melacak performa kapster per kepala,pembagian komisi tidak adil memicu konflik
Kepulauan Anambas,kepulauan-anambas,Sewa Alat Camping,sewa-alat-camping,umum,kerusakan alat saat mendaki tidak diganti penyewa,aset bisnis habis rusak tanpa biaya perbaikan
Lampung Tengah,lampung-tengah,Custom Mahar,custom-mahar,kreatif,harga bingkai naik mendadak tidak tercover,bisnis merugi karena kenaikan bahan baku
Dompu,dompu,Life Coach,life-coach,jasa,klien menunggak bayar karena hubungan terlalu dekat,profesionalisme rusak oleh rasa sungkan menagih
Kuantan Singingi,kuantan-singingi,Tukang Listrik,tukang-listrik,konstruksi,sulit memberikan bukti pembayaran formal untuk klaim kantor,klien perusahaan besar enggan memakai jasa kembali
Rokan Hulu,rokan-hulu,Toko Jam,toko-jam,retail,biaya ganti baterai dianggap sepele pelanggan,margin kecil jika tidak dikelola merusak profit
Tarakan,tarakan,Sewa Alat Camping,sewa-alat-camping,umum,kerusakan alat saat mendaki tidak diganti penyewa,aset bisnis habis rusak tanpa biaya perbaikan
Keerom,keerom,Fashion Stylist,fashion-stylist,kreatif,sulit menagih ganti rugi jika properti baju rusak oleh klien,harus menanggung biaya perbaikan pakaian yang mahal
Payakumbuh,payakumbuh,Studio Foto,studio-foto,kreatif,biaya overtime studio sering lupa dimasukkan,listrik membengkak tanpa tambahan pendapatan
Kubu Raya,kubu-raya,Pemilik Laundry,pemilik-laundry,retail,nota kertas sering basah atau hilang di baju,kekeliruan pengambilan baju merusak nama baik
Grobogan,grobogan,Psikolog,psikolog,jasa,administrasi tagihan berbelit mengganggu fokus empati,kualitas layanan menurun karena beban kerja admin
Nias Utara,nias-utara,Instruktur Yoga,instruktur-yoga,jasa,jumlah peserta kelas tidak sesuai laporan keuangan,potensi kebocoran pendapatan kelas
Bolaang Mongondow Utara,bolaang-mongondow-utara,Custom Mahar,custom-mahar,kreatif,harga bingkai naik mendadak tidak tercover,bisnis merugi karena kenaikan bahan baku
Padang Sidempuan,padang-sidempuan,Toko Pancing,toko-pancing,retail,sulit kelola retur pelanggan ke distributor,modal tertahan di barang rusak tidak terjual
Padang Lawas Utara,padang-lawas-utara,Makeup Artist (MUA),makeup-artist-mua,kreatif,invoice manual sering hilang atau terselip di chat WhatsApp,kehilangan kepercayaan dari klien kelas atas
Kutai Barat,kutai-barat,Service AC,service-ac,umum,sulit tagih biaya freon yang habis saat pengerjaan,bolak-balik toko material tanpa biaya bensin
Ogan Ilir,ogan-ilir,Pemilik Laundry,pemilik-laundry,retail,nota kertas sering basah atau hilang di baju,kekeliruan pengambilan baju merusak nama baik
Pelalawan,pelalawan,Service Laptop,service-laptop,umum,biaya cek tidak dibayar jika tidak jadi servis,waktu dan keahlian teknisi terbuang sia-sia
Boyolali,boyolali,Ahli Taman,ahli-taman,konstruksi,biaya perawatan tanaman setelah tanam tidak tertagih,tanaman mati di lokasi klien menjadi beban kontraktor
Minahasa Tenggara,minahasa-tenggara,Warung Kopi,warung-kopi,kuliner,pengeluaran bahan baku harian tidak terkontrol,bisnis ramai tapi pemilik tidak pegang uang
Cianjur,cianjur,Catering Diet,catering-diet,kuliner,permintaan menu custom harian memusingkan admin,operasional dapur kacau karena admin buruk
Empat Lawang,empat-lawang,Rental Playstation,rental-playstation,umum,billing waktu dimanipulasi oknum penjaga,kebocoran pendapatan harian sulit dideteksi
Keerom,keerom,Content Creator,content-creator,kreatif,bingung menghitung rate card dan PPh21 dalam satu nota,potensi penghasilan berkurang karena salah perhitungan pajak
Nias,nias,Videografer Freelance,videografer-freelance,kreatif,klien meminta revisi tanpa batas karena tidak ada kontrak jelas,waktu produktif habis untuk pekerjaan tidak berbayar
Depok,depok,Toko Online,toko-online,retail,sulit buat invoice profesional untuk instansi,kehilangan peluang pesanan besar atau bulk order
Sumenep,sumenep,Jasa Bongkar Bangunan,jasa-bongkar-bangunan,konstruksi,biaya pembuangan puing ditolak klien di akhir proyek,harus membayar biaya pembuangan sendiri ke pihak ketiga
Tabanan,tabanan,Toko Helm,toko-helm,retail,stok gudang tidak sesuai nota penjualan,risiko kehilangan barang akibat kelalaian
Kepulauan Talaud,kepulauan-talaud,Content Creator,content-creator,kreatif,bingung menghitung rate card dan PPh21 dalam satu nota,potensi penghasilan berkurang karena salah perhitungan pajak
Subang,subang,Makeup Artist (MUA),makeup-artist-mua,kreatif,invoice manual sering hilang atau terselip di chat WhatsApp,kehilangan kepercayaan dari klien kelas atas
Kepulauan Yapen,kepulauan-yapen,Data Analyst,data-analyst,jasa,biaya komputasi cloud lupa dibebankan ke klien,keuntungan bersih terpotong biaya server mahal
Banjarbaru,banjarbaru,Life Coach,life-coach,jasa,klien menunggak bayar karena hubungan terlalu dekat,profesionalisme rusak oleh rasa sungkan menagih
Pemalang,pemalang,Illustrator,illustrator,kreatif,sulit melacak lisensi karya karena invoice tidak mencantumkan hak cipta,karya digunakan komersial tanpa royalti yang sah
Sumenep,sumenep,Pet Shop,pet-shop,retail,biaya titip hewan tidak dibayar penuh saat jemput,menanggung biaya makan tanpa bayaran pemilik
Sekadau,sekadau,Konsultan Bisnis,konsultan-bisnis,jasa,sulit melacak jam konsultasi via telepon atau VC,banyak ilmu diberikan gratis tanpa kompensasi
Bone,bone,UI/UX Designer,ui/ux-designer,kreatif,dokumentasi pembayaran startup sering tidak terorganisir,sulit melakukan audit keuangan pribadi di akhir tahun
Jember,jember,Apotek Rakyat,apotek-rakyat,retail,obat expired tidak terdeteksi karena nota berantakan,kerugian finansial akibat barang dibuang
Muara Enim,muara-enim,Content Creator,content-creator,kreatif,bingung menghitung rate card dan PPh21 dalam satu nota,potensi penghasilan berkurang karena salah perhitungan pajak
Sibolga,sibolga,Toko Jam,toko-jam,retail,biaya ganti baterai dianggap sepele pelanggan,margin kecil jika tidak dikelola merusak profit
Poso,poso,Jasa Pasang Kanopi,jasa-pasang-kanopi,konstruksi,sulit mengelola uang muka (DP) dari banyak pelanggan,kehabisan modal di tengah jalan sebelum proyek selesai
Humbang Hasundutan,humbang-hasundutan,Apotek Rakyat,apotek-rakyat,retail,obat expired tidak terdeteksi karena nota berantakan,kerugian finansial akibat barang dibuang
Batam,batam,Ahli Plumbing,ahli-plumbing,konstruksi,biaya material kecil sering lupa dimasukkan ke nota,akumulasi kerugian material merusak profit bulanan
Tangerang,tangerang,Henna Artist,henna-artist,kreatif,biaya transportasi ke lokasi sering lupa dihitung,honor habis di jalan hanya untuk bensin
Mataram,mataram,Tukang Listrik,tukang-listrik,konstruksi,sulit memberikan bukti pembayaran formal untuk klaim kantor,klien perusahaan besar enggan memakai jasa kembali
Kuantan Singingi,kuantan-singingi,Bakery Rumahan,bakery-rumahan,kuliner,biaya packaging cantik lupa masuk harga jual,terlihat premium tapi margin sangat tipis
Bengkulu Selatan,bengkulu-selatan,Henna Artist,henna-artist,kreatif,biaya transportasi ke lokasi sering lupa dihitung,honor habis di jalan hanya untuk bensin
Landak,landak,Tukang Kayu Custom,tukang-kayu-custom,konstruksi,pengerjaan furniture lama membuat invoice terlupakan,klien lupa bayar pelunasan karena barang sudah dikirim
Klaten,klaten,Service Laptop,service-laptop,umum,biaya cek tidak dibayar jika tidak jadi servis,waktu dan keahlian teknisi terbuang sia-sia
Bengkulu Tengah,bengkulu-tengah,Content Creator,content-creator,kreatif,bingung menghitung rate card dan PPh21 dalam satu nota,potensi penghasilan berkurang karena salah perhitungan pajak
Sinjai,sinjai,Copywriter,copywriter,kreatif,klien korporat meminta format invoice khusus yang rumit,pembayaran tertunda berminggu-minggu karena kesalahan format
Wonosobo,wonosobo,Basmi Hama,basmi-hama,umum,garansi hama tidak kembali sulit dibuktikan,harus kunjungan ulang gratis yang merugikan
Pulang Pisau,pulang-pisau,Life Coach,life-coach,jasa,klien menunggak bayar karena hubungan terlalu dekat,profesionalisme rusak oleh rasa sungkan menagih
Gianyar,gianyar,Personal Trainer,personal-trainer,jasa,klien membatalkan sesi mendadak tanpa penalti,kehilangan potensi pendapatan dari slot waktu kosong
Indragiri Hulu,indragiri-hulu,Interior Designer,interior-designer,konstruksi,bingung merinci biaya pembelian barang titipan belanja klien,sering terjadi selisih harga yang ditanggung sendiri
Bengkulu Utara,bengkulu-utara,Kontraktor Kolam Renang,kontraktor-kolam-renang,konstruksi,biaya chemical awal sering dianggap gratis oleh pemilik,pengeluaran rutin operasional menggerus keuntungan
Nganjuk,nganjuk,Pembersih Kaca Gedung,pembersih-kaca-gedung,konstruksi,risiko kerja tinggi namun asuransi tidak terinci di invoice,perusahaan sulit klaim jika terjadi kecelakaan kerja
Ogan Komering Ilir,ogan-komering-ilir,Penterjemah,penterjemah,jasa,perhitungan biaya per kata diperdebatkan klien,waktu habis negosiasi ulang tagihan yang selesai
Aceh Tenggara,aceh-tenggara,Notaris,notaris,jasa,rekap biaya PNBP banyak membingungkan asisten,risiko teguran instansi jika terjadi selisih bayar
Jembrana,jembrana,Jasa Sumur Bor,jasa-sumur-bor,konstruksi,kedalaman sumur meleset dari estimasi awal di invoice,biaya tenaga kerja membengkak tanpa tambahan pendapatan
Manggarai,manggarai,Toko Oleh-oleh,toko-oleh-oleh,retail,sulit buat invoice rombongan bus pariwisata,transaksi lama membuat pelanggan tidak nyaman
Pohuwato,pohuwato,Kontraktor Kolam Renang,kontraktor-kolam-renang,konstruksi,biaya chemical awal sering dianggap gratis oleh pemilik,pengeluaran rutin operasional menggerus keuntungan
Bolaang Mongondow Timur,bolaang-mongondow-timur,Guru Musik,guru-musik,jasa,biaya sewa instrumen tidak masuk nota bulanan,aset instrumen rusak tanpa dana cadangan servis
Karo,karo,Ahli Taman,ahli-taman,konstruksi,biaya perawatan tanaman setelah tanam tidak tertagih,tanaman mati di lokasi klien menjadi beban kontraktor
Tapanuli Utara,tapanuli-utara,Bakery Rumahan,bakery-rumahan,kuliner,biaya packaging cantik lupa masuk harga jual,terlihat premium tapi margin sangat tipis
Deiyai,deiyai,Ahli Taman,ahli-taman,konstruksi,biaya perawatan tanaman setelah tanam tidak tertagih,tanaman mati di lokasi klien menjadi beban kontraktor
Sleman,sleman,Copywriter,copywriter,kreatif,klien korporat meminta format invoice khusus yang rumit,pembayaran tertunda berminggu-minggu karena kesalahan format
Aceh Utara,aceh-utara,Pembersih Kaca Gedung,pembersih-kaca-gedung,konstruksi,risiko kerja tinggi namun asuransi tidak terinci di invoice,perusahaan sulit klaim jika terjadi kecelakaan kerja
Jayapura,jayapura,Voice Over Artist,voice-over-artist,kreatif,sulit menagih biaya tambahan untuk durasi penggunaan suara,kehilangan pendapatan pasif dari hak siar
Wajo,wajo,Distributor Telur,distributor-telur,retail,risiko telur pecah kirim tidak terhitung nota,keuntungan harian tergerus penyusutan barang
Bengkulu Utara,bengkulu-utara,Toko Bangunan,toko-bangunan,retail,utang mandor menumpuk sulit dilacak tanpa sistem,macetnya arus kas membuat toko terancam tutup
Bengkayang,bengkayang,Jasa Titip,jasa-titip,umum,perubahan kurs saat belanja tidak tercatat nota,keuntungan habis karena selisih kurs merugikan
Alor,alor,Jasa Pasang Wallpaper,jasa-pasang-wallpaper,konstruksi,sisa bahan banyak tidak tercatat sebagai inventaris,modal mati di stok barang sisa yang tidak terpakai
Tarakan,tarakan,Tour Guide,tour-guide,jasa,biaya tips dan makan tidak tercatat penghasilan,perhitungan pajak tahunan menjadi tidak akurat
Kotawaringin Timur,kotawaringin-timur,Cleaning Service,cleaning-service,umum,biaya pembersih kimia khusus tidak tercatat invoice,modal habis untuk obat pembersih mahal
Sumba Tengah,sumba-tengah,Catering Harian,catering-harian,kuliner,rekap pesanan bulanan selisih dengan dapur,salah kirim menu berujung komplain pedas
Karanganyar,karanganyar,Pengacara Freelance,pengacara-freelance,jasa,biaya operasional sidang sulit ditagihkan rinci,honor pokok habis menutupi biaya perjalanan dinas
Polewali Mandar,polewali-mandar,Blogger,blogger,kreatif,pembayaran agency sering melewati jatuh tempo 30 hari,perputaran uang untuk operasional website terganggu
Palu,palu,Editor Naskah,editor-naskah,jasa,waktu membaca lama tidak dihargai profesional,lelah mental tanpa kompensasi finansial layak
Depok,depok,Kontraktor Bangunan,kontraktor-bangunan,konstruksi,penagihan termin proyek sering terlewat dari jadwal,dana operasional beli material tahap berikutnya macet
Pegunungan Bintang,pegunungan-bintang,Interior Designer,interior-designer,konstruksi,bingung merinci biaya pembelian barang titipan belanja klien,sering terjadi selisih harga yang ditanggung sendiri
Semarang,semarang,Warung Kopi,warung-kopi,kuliner,pengeluaran bahan baku harian tidak terkontrol,bisnis ramai tapi pemilik tidak pegang uang
Sekadau,sekadau,Bakery Rumahan,bakery-rumahan,kuliner,biaya packaging cantik lupa masuk harga jual,terlihat premium tapi margin sangat tipis
Banyuwangi,banyuwangi,Architectural Photographer,architectural-photographer,kreatif,biaya transportasi dan akomodasi sulit direimburse,pengeluaran pribadi membengkak untuk urusan klien
Sintang,sintang,Rental Playstation,rental-playstation,umum,billing waktu dimanipulasi oknum penjaga,kebocoran pendapatan harian sulit dideteksi
Klaten,klaten,Editor Naskah,editor-naskah,jasa,waktu membaca lama tidak dihargai profesional,lelah mental tanpa kompensasi finansial layak
Poso,poso,UI/UX Designer,ui/ux-designer,kreatif,dokumentasi pembayaran startup sering tidak terorganisir,sulit melakukan audit keuangan pribadi di akhir tahun
Seram Bagian Timur,seram-bagian-timur,Tukang Listrik,tukang-listrik,konstruksi,sulit memberikan bukti pembayaran formal untuk klaim kantor,klien perusahaan besar enggan memakai jasa kembali
Serang,serang,Tour Guide,tour-guide,jasa,biaya tips dan makan tidak tercatat penghasilan,perhitungan pajak tahunan menjadi tidak akurat
Hulu Sungai Tengah,hulu-sungai-tengah,Mandor Borongan,mandor-borongan,konstruksi,sulit membagi gaji karena catatan kas bon berantakan,kepercayaan anak buah menurun dan proyek terbengkalai
Kepulauan Seribu,kepulauan-seribu,Fotografer Pernikahan,fotografer-pernikahan,kreatif,sulit melacak pelunasan sisa pembayaran setelah acara,arus kas tersendat dan tabungan bisnis sering terpakai untuk operasional
Kuantan Singingi,kuantan-singingi,Jasa Titip,jasa-titip,umum,perubahan kurs saat belanja tidak tercatat nota,keuntungan habis karena selisih kurs merugikan
Raja Ampat,raja-ampat,Jasa Pengetikan,jasa-pengetikan,jasa,biaya tinta dan kertas dianggap remeh pelanggan,pendapatan bersih hanya cukup beli perlengkapan lagi
Pacitan,pacitan,Akuntan Publik,akuntan-publik,jasa,pengarsipan bukti bayar klien berantakan di kantor,sulit melakukan audit internal performa bisnis
Batang,batang,Bakery Rumahan,bakery-rumahan,kuliner,biaya packaging cantik lupa masuk harga jual,terlihat premium tapi margin sangat tipis
Madiun,madiun,Akupuntur,akupuntur,umum,rekap kunjungan pasien per bulan manual/lambat,pasien lama tidak dipantau untuk sesi lanjut
Ketapang,ketapang,Jasa Sewa Mobil,jasa-sewa-mobil,umum,biaya denda telat sulit ditagih ke penyewa,kerugian waktu sewa untuk pelanggan berikutnya
Mamberamo Tengah,mamberamo-tengah,Toko Online,toko-online,retail,sulit buat invoice profesional untuk instansi,kehilangan peluang pesanan besar atau bulk order
Simeulue,simeulue,Wedding Organizer,wedding-organizer,kreatif,rekap tagihan banyak vendor dalam satu proyek sering selisih,risiko salah bayar vendor yang merugikan margin profit
Kepahiang,kepahiang,Tour Guide,tour-guide,jasa,biaya tips dan makan tidak tercatat penghasilan,perhitungan pajak tahunan menjadi tidak akurat
Kapuas Hulu,kapuas-hulu,Digital Marketer,digital-marketer,jasa,sulit memisahkan tagihan jasa dengan biaya iklan,terkena pajak lebih besar karena omzet terlihat tinggi
Banjarnegara,banjarnegara,Copywriter,copywriter,kreatif,klien korporat meminta format invoice khusus yang rumit,pembayaran tertunda berminggu-minggu karena kesalahan format
Batang,batang,Blogger,blogger,kreatif,pembayaran agency sering melewati jatuh tempo 30 hari,perputaran uang untuk operasional website terganggu
Lebong,lebong,Konsultan Pajak,konsultan-pajak,jasa,menghabiskan waktu berjam-jam membuat format nota,fokus analisis data klien menjadi terpecah
Sungai Penuh,sungai-penuh,Editor Video,editor-video,kreatif,proses render terhambat karena stres memikirkan tagihan belum cair,deadline proyek berantakan dan reputasi profesional menurun
Lampung Timur,lampung-timur,Percetakan Spanduk,percetakan-spanduk,retail,biaya setting desain diminta gratis pelanggan,waktu desainer terbuang tanpa nilai finansial
Aceh Selatan,aceh-selatan,Guru Musik,guru-musik,jasa,biaya sewa instrumen tidak masuk nota bulanan,aset instrumen rusak tanpa dana cadangan servis
Boven Digoel,boven-digoel,Konsultan Pajak,konsultan-pajak,jasa,menghabiskan waktu berjam-jam membuat format nota,fokus analisis data klien menjadi terpecah
Nunukan,nunukan,Service AC,service-ac,umum,sulit tagih biaya freon yang habis saat pengerjaan,bolak-balik toko material tanpa biaya bensin
Tual,tual,Jasa Pasang Wallpaper,jasa-pasang-wallpaper,konstruksi,sisa bahan banyak tidak tercatat sebagai inventaris,modal mati di stok barang sisa yang tidak terpakai
Sintang,sintang,Editor Naskah,editor-naskah,jasa,waktu membaca lama tidak dihargai profesional,lelah mental tanpa kompensasi finansial layak
Konawe Selatan,konawe-selatan,Jasa Bongkar Bangunan,jasa-bongkar-bangunan,konstruksi,biaya pembuangan puing ditolak klien di akhir proyek,harus membayar biaya pembuangan sendiri ke pihak ketiga
Boven Digoel,boven-digoel,Jasa Pasang Wallpaper,jasa-pasang-wallpaper,konstruksi,sisa bahan banyak tidak tercatat sebagai inventaris,modal mati di stok barang sisa yang tidak terpakai
Mamberamo Raya,mamberamo-raya,Web Developer,web-developer,kreatif,biaya maintenance server sering lupa ditagihkan ke klien,harus menanggung biaya hosting dari kantong pribadi
Sumedang,sumedang,Rental Playstation,rental-playstation,umum,billing waktu dimanipulasi oknum penjaga,kebocoran pendapatan harian sulit dideteksi
Kebumen,kebumen,Pindahan Rumah,pindahan-rumah,umum,barang lecet di jalan tidak tercover nota,tuntutan ganti rugi klien melebihi biaya jasa
Magetan,magetan,Makeup Artist (MUA),makeup-artist-mua,kreatif,invoice manual sering hilang atau terselip di chat WhatsApp,kehilangan kepercayaan dari klien kelas atas
Luwu Timur,luwu-timur,Guru Musik,guru-musik,jasa,biaya sewa instrumen tidak masuk nota bulanan,aset instrumen rusak tanpa dana cadangan servis
Tabanan,tabanan,Mandor Borongan,mandor-borongan,konstruksi,sulit membagi gaji karena catatan kas bon berantakan,kepercayaan anak buah menurun dan proyek terbengkalai
Kulon Progo,kulon-progo,Drone Pilot,drone-pilot,kreatif,risiko kerusakan alat tinggi tidak tercatat di biaya jasa,tabungan habis untuk perbaikan alat tanpa cadangan biaya
Samosir,samosir,Toko Oleh-oleh,toko-oleh-oleh,retail,sulit buat invoice rombongan bus pariwisata,transaksi lama membuat pelanggan tidak nyaman
Kolaka,kolaka,Music Producer,music-producer,kreatif,pembagian royalti antar musisi tidak tercatat di sistem,potensi konflik hukum dengan rekan kerja di masa depan
Buton Utara,buton-utara,Drone Pilot,drone-pilot,kreatif,risiko kerusakan alat tinggi tidak tercatat di biaya jasa,tabungan habis untuk perbaikan alat tanpa cadangan biaya
Palembang,palembang,Mandor Borongan,mandor-borongan,konstruksi,sulit membagi gaji karena catatan kas bon berantakan,kepercayaan anak buah menurun dan proyek terbengkalai
Bantul,bantul,Copywriter,copywriter,kreatif,klien korporat meminta format invoice khusus yang rumit,pembayaran tertunda berminggu-minggu karena kesalahan format
Nduga,nduga,Jasa Bongkar Bangunan,jasa-bongkar-bangunan,konstruksi,biaya pembuangan puing ditolak klien di akhir proyek,harus membayar biaya pembuangan sendiri ke pihak ketiga
Sampang,sampang,Personal Trainer,personal-trainer,jasa,klien membatalkan sesi mendadak tanpa penalti,kehilangan potensi pendapatan dari slot waktu kosong
Halmahera Timur,halmahera-timur,Digital Marketer,digital-marketer,jasa,sulit memisahkan tagihan jasa dengan biaya iklan,terkena pajak lebih besar karena omzet terlihat tinggi
Buru,buru,Akupuntur,akupuntur,umum,rekap kunjungan pasien per bulan manual/lambat,pasien lama tidak dipantau untuk sesi lanjut
Klaten,klaten,Fotografer Pernikahan,fotografer-pernikahan,kreatif,sulit melacak pelunasan sisa pembayaran setelah acara,arus kas tersendat dan tabungan bisnis sering terpakai untuk operasional
Timika,timika,Custom Mahar,custom-mahar,kreatif,harga bingkai naik mendadak tidak tercover,bisnis merugi karena kenaikan bahan baku
Tanjung Jabung Timur,tanjung-jabung-timur,Catering Diet,catering-diet,kuliner,permintaan menu custom harian memusingkan admin,operasional dapur kacau karena admin buruk
Boyolali,boyolali,Pemilik Laundry,pemilik-laundry,retail,nota kertas sering basah atau hilang di baju,kekeliruan pengambilan baju merusak nama baik
Lampung Selatan,lampung-selatan,Toko Jam,toko-jam,retail,biaya ganti baterai dianggap sepele pelanggan,margin kecil jika tidak dikelola merusak profit
Kotabaru,kotabaru,Fotografer Pernikahan,fotografer-pernikahan,kreatif,sulit melacak pelunasan sisa pembayaran setelah acara,arus kas tersendat dan tabungan bisnis sering terpakai untuk operasional
Kepulauan Anambas,kepulauan-anambas,Event Organizer,event-organizer,jasa,uang muka klien habis untuk operasional awal,kesulitan melunasi vendor di akhir acara
Ogan Komering Ilir,ogan-komering-ilir,Service AC,service-ac,umum,sulit tagih biaya freon yang habis saat pengerjaan,bolak-balik toko material tanpa biaya bensin
Raja Ampat,raja-ampat,Konsultan Pajak,konsultan-pajak,jasa,menghabiskan waktu berjam-jam membuat format nota,fokus analisis data klien menjadi terpecah
Hulu Sungai Utara,hulu-sungai-utara,Freelancer,freelancer,jasa,tidak memiliki slip gaji atau invoice untuk kredit,sulit mendapatkan akses perbankan atau KPR
Minahasa Selatan,minahasa-selatan,Kontraktor Bangunan,kontraktor-bangunan,konstruksi,penagihan termin proyek sering terlewat dari jadwal,dana operasional beli material tahap berikutnya macet
Banjarbaru,banjarbaru,Barbershop,barbershop,umum,sulit melacak performa kapster per kepala,pembagian komisi tidak adil memicu konflik
Cianjur,cianjur,Tour Guide,tour-guide,jasa,biaya tips dan makan tidak tercatat penghasilan,perhitungan pajak tahunan menjadi tidak akurat
Merangin,merangin,Arsitek Mandiri,arsitek-mandiri,konstruksi,revisi desain terus bertambah tanpa charge tambahan,waktu pengerjaan molor tidak sebanding dengan honor
Solok Selatan,solok-selatan,Copywriter,copywriter,kreatif,klien korporat meminta format invoice khusus yang rumit,pembayaran tertunda berminggu-minggu karena kesalahan format
Sumbawa,sumbawa,Tour Guide,tour-guide,jasa,biaya tips dan makan tidak tercatat penghasilan,perhitungan pajak tahunan menjadi tidak akurat
Tapanuli Tengah,tapanuli-tengah,Jasa Titip,jasa-titip,umum,perubahan kurs saat belanja tidak tercatat nota,keuntungan habis karena selisih kurs merugikan
Timika,timika,Psikolog,psikolog,jasa,administrasi tagihan berbelit mengganggu fokus empati,kualitas layanan menurun karena beban kerja admin
Parigi Moutong,parigi-moutong,Warung Kopi,warung-kopi,kuliner,pengeluaran bahan baku harian tidak terkontrol,bisnis ramai tapi pemilik tidak pegang uang
Tana Toraja,tana-toraja,Bakery Rumahan,bakery-rumahan,kuliner,biaya packaging cantik lupa masuk harga jual,terlihat premium tapi margin sangat tipis
Kendal,kendal,Mandor Borongan,mandor-borongan,konstruksi,sulit membagi gaji karena catatan kas bon berantakan,kepercayaan anak buah menurun dan proyek terbengkalai
Kepulauan Sangihe,kepulauan-sangihe,Editor Naskah,editor-naskah,jasa,waktu membaca lama tidak dihargai profesional,lelah mental tanpa kompensasi finansial layak
Tabanan,tabanan,Toko Sepeda,toko-sepeda,retail,biaya servis ringan lupa ditagih saat beli unit,beban kerja mekanik tinggi tanpa pemasukan
Puncak,puncak,Interior Designer,interior-designer,konstruksi,bingung merinci biaya pembelian barang titipan belanja klien,sering terjadi selisih harga yang ditanggung sendiri
Tulang Bawang Barat,tulang-bawang-barat,Digital Marketer,digital-marketer,jasa,sulit memisahkan tagihan jasa dengan biaya iklan,terkena pajak lebih besar karena omzet terlihat tinggi
Merangin,merangin,Illustrator,illustrator,kreatif,sulit melacak lisensi karya karena invoice tidak mencantumkan hak cipta,karya digunakan komersial tanpa royalti yang sah
Asmat,asmat,Agen Properti,agen-properti,jasa,biaya iklan tidak kembali jika rumah belum laku,modal iklan amblas tanpa kepastian komisi
Maybrat,maybrat,Data Analyst,data-analyst,jasa,biaya komputasi cloud lupa dibebankan ke klien,keuntungan bersih terpotong biaya server mahal
Medan,medan,Jasa Cat Rumah,jasa-cat-rumah,konstruksi,estimasi kebutuhan cat meleset dari invoice awal,keuntungan habis untuk menutupi kekurangan material
Batam,batam,Illustrator,illustrator,kreatif,sulit melacak lisensi karya karena invoice tidak mencantumkan hak cipta,karya digunakan komersial tanpa royalti yang sah
Jakarta Utara,jakarta-utara,Life Coach,life-coach,jasa,klien menunggak bayar karena hubungan terlalu dekat,profesionalisme rusak oleh rasa sungkan menagih
Bombana,bombana,Jasa Setrika,jasa-setrika,umum,pelanggan komplain baju kurang licin tanpa bukti,reputasi menurun akibat subjektivitas komplain
Enrekang,enrekang,Psikolog,psikolog,jasa,administrasi tagihan berbelit mengganggu fokus empati,kualitas layanan menurun karena beban kerja admin
Sumba Barat Daya,sumba-barat-daya,Life Coach,life-coach,jasa,klien menunggak bayar karena hubungan terlalu dekat,profesionalisme rusak oleh rasa sungkan menagih
Bolaang Mongondow,bolaang-mongondow,Jasa Sewa Mobil,jasa-sewa-mobil,umum,biaya denda telat sulit ditagih ke penyewa,kerugian waktu sewa untuk pelanggan berikutnya
Manggarai Timur,manggarai-timur,Warung Kopi,warung-kopi,kuliner,pengeluaran bahan baku harian tidak terkontrol,bisnis ramai tapi pemilik tidak pegang uang
Maluku Tenggara,maluku-tenggara,Catering Harian,catering-harian,kuliner,rekap pesanan bulanan selisih dengan dapur,salah kirim menu berujung komplain pedas
Halmahera Timur,halmahera-timur,Editor Naskah,editor-naskah,jasa,waktu membaca lama tidak dihargai profesional,lelah mental tanpa kompensasi finansial layak
Pariaman,pariaman,Psikolog,psikolog,jasa,administrasi tagihan berbelit mengganggu fokus empati,kualitas layanan menurun karena beban kerja admin
Magetan,magetan,Illustrator,illustrator,kreatif,sulit melacak lisensi karya karena invoice tidak mencantumkan hak cipta,karya digunakan komersial tanpa royalti yang sah
Seram Bagian Timur,seram-bagian-timur,Jasa Pasang CCTV,jasa-pasang-cctv,konstruksi,sulit menagih biaya kunjungan servis kerusakan kecil,biaya bensin lebih besar dari pendapatan servis
Sijunjung,sijunjung,Ahli Plumbing,ahli-plumbing,konstruksi,biaya material kecil sering lupa dimasukkan ke nota,akumulasi kerugian material merusak profit bulanan
Bau-Bau,bau-bau,Frozen Food,frozen-food,kuliner,biaya listrik freezer mahal tidak terhitung harga,bisnis rugi karena beban operasional listrik
Langsa,langsa,Konsultan Pajak,konsultan-pajak,jasa,menghabiskan waktu berjam-jam membuat format nota,fokus analisis data klien menjadi terpecah
Pasuruan,pasuruan,Fotografer Pernikahan,fotografer-pernikahan,kreatif,sulit melacak pelunasan sisa pembayaran setelah acara,arus kas tersendat dan tabungan bisnis sering terpakai untuk operasional
Bone,bone,Jasa Sumur Bor,jasa-sumur-bor,konstruksi,kedalaman sumur meleset dari estimasi awal di invoice,biaya tenaga kerja membengkak tanpa tambahan pendapatan
Batu,batu,Agen Properti,agen-properti,jasa,biaya iklan tidak kembali jika rumah belum laku,modal iklan amblas tanpa kepastian komisi
Kotabaru,kotabaru,Jasa Sumur Bor,jasa-sumur-bor,konstruksi,kedalaman sumur meleset dari estimasi awal di invoice,biaya tenaga kerja membengkak tanpa tambahan pendapatan
Yahukimo,yahukimo,Spesialis Atap Bocor,spesialis-atap-bocor,konstruksi,garansi pekerjaan disalahgunakan klien tanpa bukti nota,harus perbaikan gratis meski masa garansi habis
Halmahera Selatan,halmahera-selatan,Jasa Sumur Bor,jasa-sumur-bor,konstruksi,kedalaman sumur meleset dari estimasi awal di invoice,biaya tenaga kerja membengkak tanpa tambahan pendapatan
Situbondo,situbondo,Content Creator,content-creator,kreatif,bingung menghitung rate card dan PPh21 dalam satu nota,potensi penghasilan berkurang karena salah perhitungan pajak
Majalengka,majalengka,Wedding Organizer,wedding-organizer,kreatif,rekap tagihan banyak vendor dalam satu proyek sering selisih,risiko salah bayar vendor yang merugikan margin profit
Tana Toraja,tana-toraja,Jasa Pasang Kanopi,jasa-pasang-kanopi,konstruksi,sulit mengelola uang muka (DP) dari banyak pelanggan,kehabisan modal di tengah jalan sebelum proyek selesai
Tapanuli Utara,tapanuli-utara,Editor Naskah,editor-naskah,jasa,waktu membaca lama tidak dihargai profesional,lelah mental tanpa kompensasi finansial layak
Sampang,sampang,Tukang Pasang Keramik,tukang-pasang-keramik,konstruksi,pecahnya keramik saat pemasangan tidak terhitung di biaya,margin keuntungan habis untuk ganti keramik rusak
Tebo,tebo,Toko Online,toko-online,retail,sulit buat invoice profesional untuk instansi,kehilangan peluang pesanan besar atau bulk order
Kudus,kudus,Kontraktor Kolam Renang,kontraktor-kolam-renang,konstruksi,biaya chemical awal sering dianggap gratis oleh pemilik,pengeluaran rutin operasional menggerus keuntungan
Mimika,mimika,Bengkel Motor,bengkel-motor,retail,stok sparepart keluar tidak tercatat di nota,modal habis untuk stok tapi uang tidak kembali
Murung Raya,murung-raya,Warung Kopi,warung-kopi,kuliner,pengeluaran bahan baku harian tidak terkontrol,bisnis ramai tapi pemilik tidak pegang uang
Tual,tual,Jasa Pasang Kanopi,jasa-pasang-kanopi,konstruksi,sulit mengelola uang muka (DP) dari banyak pelanggan,kehabisan modal di tengah jalan sebelum proyek selesai
Hulu Sungai Tengah,hulu-sungai-tengah,Toko Sepeda,toko-sepeda,retail,biaya servis ringan lupa ditagih saat beli unit,beban kerja mekanik tinggi tanpa pemasukan
Fakfak,fakfak,Henna Artist,henna-artist,kreatif,biaya transportasi ke lokasi sering lupa dihitung,honor habis di jalan hanya untuk bensin
Bener Meriah,bener-meriah,Kontraktor Bangunan,kontraktor-bangunan,konstruksi,penagihan termin proyek sering terlewat dari jadwal,dana operasional beli material tahap berikutnya macet
Blitar,blitar,Toko Jam,toko-jam,retail,biaya ganti baterai dianggap sepele pelanggan,margin kecil jika tidak dikelola merusak profit
Banggai,banggai,Studio Foto,studio-foto,kreatif,biaya overtime studio sering lupa dimasukkan,listrik membengkak tanpa tambahan pendapatan
Kolaka Utara,kolaka-utara,Web Developer,web-developer,kreatif,biaya maintenance server sering lupa ditagihkan ke klien,harus menanggung biaya hosting dari kantong pribadi
Sumenep,sumenep,Tukang Pasang Keramik,tukang-pasang-keramik,konstruksi,pecahnya keramik saat pemasangan tidak terhitung di biaya,margin keuntungan habis untuk ganti keramik rusak
Bandar Lampung,bandar-lampung,Henna Artist,henna-artist,kreatif,biaya transportasi ke lokasi sering lupa dihitung,honor habis di jalan hanya untuk bensin
Tanjung Balai,tanjung-balai,Jasa Pasang Wallpaper,jasa-pasang-wallpaper,konstruksi,sisa bahan banyak tidak tercatat sebagai inventaris,modal mati di stok barang sisa yang tidak terpakai
Kuningan,kuningan,Custom Mahar,custom-mahar,kreatif,harga bingkai naik mendadak tidak tercover,bisnis merugi karena kenaikan bahan baku
Padang,padang,Frozen Food,frozen-food,kuliner,biaya listrik freezer mahal tidak terhitung harga,bisnis rugi karena beban operasional listrik
Tanjung Jabung Timur,tanjung-jabung-timur,Warung Kopi,warung-kopi,kuliner,pengeluaran bahan baku harian tidak terkontrol,bisnis ramai tapi pemilik tidak pegang uang
Ternate,ternate,Toko Helm,toko-helm,retail,stok gudang tidak sesuai nota penjualan,risiko kehilangan barang akibat kelalaian
Buleleng,buleleng,Toko Aksesoris HP,toko-aksesoris-hp,retail,garansi barang diklaim tanpa nota fisik,harus ganti barang yang bukan dibeli dari toko
Pakpak Bharat,pakpak-bharat,Desainer Grafis,desainer-grafis,kreatif,klien menunda pembayaran termin kedua hingga berbulan-bulan,sulit membayar biaya langganan software desain tepat waktu
Mimika,mimika,Interior Designer,interior-designer,konstruksi,bingung merinci biaya pembelian barang titipan belanja klien,sering terjadi selisih harga yang ditanggung sendiri
Mojokerto,mojokerto,Rental Playstation,rental-playstation,umum,billing waktu dimanipulasi oknum penjaga,kebocoran pendapatan harian sulit dideteksi
Luwu Utara,luwu-utara,Drone Pilot,drone-pilot,kreatif,risiko kerusakan alat tinggi tidak tercatat di biaya jasa,tabungan habis untuk perbaikan alat tanpa cadangan biaya
Enrekang,enrekang,Cleaning Service,cleaning-service,umum,biaya pembersih kimia khusus tidak tercatat invoice,modal habis untuk obat pembersih mahal
Aceh Selatan,aceh-selatan,Event Organizer,event-organizer,jasa,uang muka klien habis untuk operasional awal,kesulitan melunasi vendor di akhir acara
Muna,muna,Distributor Telur,distributor-telur,retail,risiko telur pecah kirim tidak terhitung nota,keuntungan harian tergerus penyusutan barang
Jambi,jambi,Editor Video,editor-video,kreatif,proses render terhambat karena stres memikirkan tagihan belum cair,deadline proyek berantakan dan reputasi profesional menurun
Blora,blora,Content Creator,content-creator,kreatif,bingung menghitung rate card dan PPh21 dalam satu nota,potensi penghasilan berkurang karena salah perhitungan pajak
Donggala,donggala,Pembersih Kaca Gedung,pembersih-kaca-gedung,konstruksi,risiko kerja tinggi namun asuransi tidak terinci di invoice,perusahaan sulit klaim jika terjadi kecelakaan kerja
Cianjur,cianjur,Agen Properti,agen-properti,jasa,biaya iklan tidak kembali jika rumah belum laku,modal iklan amblas tanpa kepastian komisi
Batang Hari,batang-hari,Pengacara Freelance,pengacara-freelance,jasa,biaya operasional sidang sulit ditagihkan rinci,honor pokok habis menutupi biaya perjalanan dinas
Labuhan Batu,labuhan-batu,Guru Musik,guru-musik,jasa,biaya sewa instrumen tidak masuk nota bulanan,aset instrumen rusak tanpa dana cadangan servis
Manado,manado,Editor Video,editor-video,kreatif,proses render terhambat karena stres memikirkan tagihan belum cair,deadline proyek berantakan dan reputasi profesional menurun
Rokan Hulu,rokan-hulu,Interior Designer,interior-designer,konstruksi,bingung merinci biaya pembelian barang titipan belanja klien,sering terjadi selisih harga yang ditanggung sendiri
Bener Meriah,bener-meriah,Drone Pilot,drone-pilot,kreatif,risiko kerusakan alat tinggi tidak tercatat di biaya jasa,tabungan habis untuk perbaikan alat tanpa cadangan biaya
Labuhan Batu,labuhan-batu,Toko Aksesoris HP,toko-aksesoris-hp,retail,garansi barang diklaim tanpa nota fisik,harus ganti barang yang bukan dibeli dari toko
Mesuji,mesuji,Toko Helm,toko-helm,retail,stok gudang tidak sesuai nota penjualan,risiko kehilangan barang akibat kelalaian
Sikka,sikka,Jasa Setrika,jasa-setrika,umum,pelanggan komplain baju kurang licin tanpa bukti,reputasi menurun akibat subjektivitas komplain
Belu,belu,Toko Alat Tulis,toko-alat-tulis,retail,pembelian eceran instansi sulit nota gabungan,pelanggan instansi pindah ke toko lain
Luwu Timur,luwu-timur,Barbershop,barbershop,umum,sulit melacak performa kapster per kepala,pembagian komisi tidak adil memicu konflik
Gunungsitoli,gunungsitoli,Animator 3D,animator-3d,kreatif,biaya lisensi asset sering tidak tercover di invoice awal,keuntungan bersih menipis karena pengeluaran tak terduga
Intan Jaya,intan-jaya,Jasa Sewa Mobil,jasa-sewa-mobil,umum,biaya denda telat sulit ditagih ke penyewa,kerugian waktu sewa untuk pelanggan berikutnya
Halmahera Barat,halmahera-barat,Music Producer,music-producer,kreatif,pembagian royalti antar musisi tidak tercatat di sistem,potensi konflik hukum dengan rekan kerja di masa depan
Rote Ndao,rote-ndao,Toko Sepeda,toko-sepeda,retail,biaya servis ringan lupa ditagih saat beli unit,beban kerja mekanik tinggi tanpa pemasukan
Tambrauw,tambrauw,Copywriter,copywriter,kreatif,klien korporat meminta format invoice khusus yang rumit,pembayaran tertunda berminggu-minggu karena kesalahan format
Indramayu,indramayu,Toko Bangunan,toko-bangunan,retail,utang mandor menumpuk sulit dilacak tanpa sistem,macetnya arus kas membuat toko terancam tutup
Sikka,sikka,Warung Kopi,warung-kopi,kuliner,pengeluaran bahan baku harian tidak terkontrol,bisnis ramai tapi pemilik tidak pegang uang
Manggarai Timur,manggarai-timur,Akuntan Publik,akuntan-publik,jasa,pengarsipan bukti bayar klien berantakan di kantor,sulit melakukan audit internal performa bisnis
Bandar Lampung,bandar-lampung,Toko Oleh-oleh,toko-oleh-oleh,retail,sulit buat invoice rombongan bus pariwisata,transaksi lama membuat pelanggan tidak nyaman
Halmahera Timur,halmahera-timur,Toko Oleh-oleh,toko-oleh-oleh,retail,sulit buat invoice rombongan bus pariwisata,transaksi lama membuat pelanggan tidak nyaman
Maluku Tenggara,maluku-tenggara,Editor Naskah,editor-naskah,jasa,waktu membaca lama tidak dihargai profesional,lelah mental tanpa kompensasi finansial layak
Bekasi,bekasi,Copywriter,copywriter,kreatif,klien korporat meminta format invoice khusus yang rumit,pembayaran tertunda berminggu-minggu karena kesalahan format
Tanjung Jabung Timur,tanjung-jabung-timur,Toko Online,toko-online,retail,sulit buat invoice profesional untuk instansi,kehilangan peluang pesanan besar atau bulk order
Sibolga,sibolga,Toko Pancing,toko-pancing,retail,sulit kelola retur pelanggan ke distributor,modal tertahan di barang rusak tidak terjual
Jakarta Selatan,jakarta-selatan,Jasa Bongkar Bangunan,jasa-bongkar-bangunan,konstruksi,biaya pembuangan puing ditolak klien di akhir proyek,harus membayar biaya pembuangan sendiri ke pihak ketiga
Labuhan Batu,labuhan-batu,Toko Oleh-oleh,toko-oleh-oleh,retail,sulit buat invoice rombongan bus pariwisata,transaksi lama membuat pelanggan tidak nyaman
Manggarai,manggarai,Agen Properti,agen-properti,jasa,biaya iklan tidak kembali jika rumah belum laku,modal iklan amblas tanpa kepastian komisi
Tabanan,tabanan,Notaris,notaris,jasa,rekap biaya PNBP banyak membingungkan asisten,risiko teguran instansi jika terjadi selisih bayar
Agam,agam,Editor Video,editor-video,kreatif,proses render terhambat karena stres memikirkan tagihan belum cair,deadline proyek berantakan dan reputasi profesional menurun
Labuhan Batu Selatan,labuhan-batu-selatan,Jasa Pasang Wallpaper,jasa-pasang-wallpaper,konstruksi,sisa bahan banyak tidak tercatat sebagai inventaris,modal mati di stok barang sisa yang tidak terpakai
Situbondo,situbondo,Content Creator,content-creator,kreatif,bingung menghitung rate card dan PPh21 dalam satu nota,potensi penghasilan berkurang karena salah perhitungan pajak
Halmahera Barat,halmahera-barat,Frozen Food,frozen-food,kuliner,biaya listrik freezer mahal tidak terhitung harga,bisnis rugi karena beban operasional listrik
Dumai,dumai,Fotografer Pernikahan,fotografer-pernikahan,kreatif,sulit melacak pelunasan sisa pembayaran setelah acara,arus kas tersendat dan tabungan bisnis sering terpakai untuk operasional
Dumai,dumai,Tour Guide,tour-guide,jasa,biaya tips dan makan tidak tercatat penghasilan,perhitungan pajak tahunan menjadi tidak akurat
Pasaman,pasaman,Desain Undangan,desain-undangan,kreatif,revisi teks berkali-kali menyita waktu kerja,pendapatan per jam menjadi sangat rendah
Sleman,sleman,Henna Artist,henna-artist,kreatif,biaya transportasi ke lokasi sering lupa dihitung,honor habis di jalan hanya untuk bensin
Waropen,waropen,Fotografer Pernikahan,fotografer-pernikahan,kreatif,sulit melacak pelunasan sisa pembayaran setelah acara,arus kas tersendat dan tabungan bisnis sering terpakai untuk operasional
Deiyai,deiyai,Event Organizer,event-organizer,jasa,uang muka klien habis untuk operasional awal,kesulitan melunasi vendor di akhir acara
Rote Ndao,rote-ndao,Content Creator,content-creator,kreatif,bingung menghitung rate card dan PPh21 dalam satu nota,potensi penghasilan berkurang karena salah perhitungan pajak
Limboto,limboto,Warung Kopi,warung-kopi,kuliner,pengeluaran bahan baku harian tidak terkontrol,bisnis ramai tapi pemilik tidak pegang uang
Kutai Timur,kutai-timur,Tutor Privat,tutor-privat,jasa,rekap jam mengajar bulanan tidak akurat di mata wali murid,pendapatan berkurang karena sesi dianggap belum masuk
Lhokseumawe,lhokseumawe,Podcast Producer,podcast-producer,kreatif,biaya sewa studio fluktuatif sulit dicatat manual,pembukuan bulanan selalu selisih dan tidak akurat
Surakarta,surakarta,Bengkel Motor,bengkel-motor,retail,stok sparepart keluar tidak tercatat di nota,modal habis untuk stok tapi uang tidak kembali
Gorontalo Utara,gorontalo-utara,Warung Kopi,warung-kopi,kuliner,pengeluaran bahan baku harian tidak terkontrol,bisnis ramai tapi pemilik tidak pegang uang
Surakarta,surakarta,Illustrator,illustrator,kreatif,sulit melacak lisensi karya karena invoice tidak mencantumkan hak cipta,karya digunakan komersial tanpa royalti yang sah
Sarolangun,sarolangun,Editor Video,editor-video,kreatif,proses render terhambat karena stres memikirkan tagihan belum cair,deadline proyek berantakan dan reputasi profesional menurun
Tojo Una-Una,tojo-una-una,Guru Musik,guru-musik,jasa,biaya sewa instrumen tidak masuk nota bulanan,aset instrumen rusak tanpa dana cadangan servis
Paniai,paniai,Toko Oleh-oleh,toko-oleh-oleh,retail,sulit buat invoice rombongan bus pariwisata,transaksi lama membuat pelanggan tidak nyaman
Tanjung Jabung Barat,tanjung-jabung-barat,Notaris,notaris,jasa,rekap biaya PNBP banyak membingungkan asisten,risiko teguran instansi jika terjadi selisih bayar
Situbondo,situbondo,Digital Marketer,digital-marketer,jasa,sulit memisahkan tagihan jasa dengan biaya iklan,terkena pajak lebih besar karena omzet terlihat tinggi
Kepulauan Mentawai,kepulauan-mentawai,Tukang Pasang Keramik,tukang-pasang-keramik,konstruksi,pecahnya keramik saat pemasangan tidak terhitung di biaya,margin keuntungan habis untuk ganti keramik rusak
Kebumen,kebumen,Barbershop,barbershop,umum,sulit melacak performa kapster per kepala,pembagian komisi tidak adil memicu konflik
Situbondo,situbondo,Tukang Listrik,tukang-listrik,konstruksi,sulit memberikan bukti pembayaran formal untuk klaim kantor,klien perusahaan besar enggan memakai jasa kembali
Sragen,sragen,Mandor Borongan,mandor-borongan,konstruksi,sulit membagi gaji karena catatan kas bon berantakan,kepercayaan anak buah menurun dan proyek terbengkalai
Makassar,makassar,Jasa Jahit,jasa-jahit,umum,klien tidak ambil baju selesai berbulan-bulan,modal kain dan tenaga tertahan di barang
Ambon,ambon,Cleaning Service,cleaning-service,umum,biaya pembersih kimia khusus tidak tercatat invoice,modal habis untuk obat pembersih mahal
Bengkulu,bengkulu,Music Producer,music-producer,kreatif,pembagian royalti antar musisi tidak tercatat di sistem,potensi konflik hukum dengan rekan kerja di masa depan
Pakpak Bharat,pakpak-bharat,Basmi Hama,basmi-hama,umum,garansi hama tidak kembali sulit dibuktikan,harus kunjungan ulang gratis yang merugikan
Pegunungan Arfak,pegunungan-arfak,Tukang Pasang Keramik,tukang-pasang-keramik,konstruksi,pecahnya keramik saat pemasangan tidak terhitung di biaya,margin keuntungan habis untuk ganti keramik rusak
Kubu Raya,kubu-raya,Editor Video,editor-video,kreatif,proses render terhambat karena stres memikirkan tagihan belum cair,deadline proyek berantakan dan reputasi profesional menurun
Indragiri Hulu,indragiri-hulu,Animator 3D,animator-3d,kreatif,biaya lisensi asset sering tidak tercover di invoice awal,keuntungan bersih menipis karena pengeluaran tak terduga
Asmat,asmat,Social Media Manager,social-media-manager,kreatif,sulit membuktikan laporan kerja bulanan yang sudah terbayar,terjadi tumpang tindih penagihan yang membingungkan klien
Atambua,atambua,Toko Jam,toko-jam,retail,biaya ganti baterai dianggap sepele pelanggan,margin kecil jika tidak dikelola merusak profit
Ogan Komering Ulu Timur,ogan-komering-ulu-timur,Jasa Cat Rumah,jasa-cat-rumah,konstruksi,estimasi kebutuhan cat meleset dari invoice awal,keuntungan habis untuk menutupi kekurangan material
Lampung Barat,lampung-barat,Cleaning Service,cleaning-service,umum,biaya pembersih kimia khusus tidak tercatat invoice,modal habis untuk obat pembersih mahal
Minahasa Selatan,minahasa-selatan,Distributor Telur,distributor-telur,retail,risiko telur pecah kirim tidak terhitung nota,keuntungan harian tergerus penyusutan barang
Jayawijaya,jayawijaya,Toko Online,toko-online,retail,sulit buat invoice profesional untuk instansi,kehilangan peluang pesanan besar atau bulk order
Tulang Bawang,tulang-bawang,Makeup Artist (MUA),makeup-artist-mua,kreatif,invoice manual sering hilang atau terselip di chat WhatsApp,kehilangan kepercayaan dari klien kelas atas
Klungkung,klungkung,Apotek Rakyat,apotek-rakyat,retail,obat expired tidak terdeteksi karena nota berantakan,kerugian finansial akibat barang dibuang
Ogan Ilir,ogan-ilir,Bengkel Motor,bengkel-motor,retail,stok sparepart keluar tidak tercatat di nota,modal habis untuk stok tapi uang tidak kembali
Mapurujaya,mapurujaya,Blogger,blogger,kreatif,pembayaran agency sering melewati jatuh tempo 30 hari,perputaran uang untuk operasional website terganggu
Serdang Bedagai,serdang-bedagai,Instruktur Yoga,instruktur-yoga,jasa,jumlah peserta kelas tidak sesuai laporan keuangan,potensi kebocoran pendapatan kelas
Jember,jember,Life Coach,life-coach,jasa,klien menunggak bayar karena hubungan terlalu dekat,profesionalisme rusak oleh rasa sungkan menagih
Konawe,konawe,Event Organizer,event-organizer,jasa,uang muka klien habis untuk operasional awal,kesulitan melunasi vendor di akhir acara
Dogiyai,dogiyai,Henna Artist,henna-artist,kreatif,biaya transportasi ke lokasi sering lupa dihitung,honor habis di jalan hanya untuk bensin
Pariaman,pariaman,Jasa Pengetikan,jasa-pengetikan,jasa,biaya tinta dan kertas dianggap remeh pelanggan,pendapatan bersih hanya cukup beli perlengkapan lagi
Dogiyai,dogiyai,Agen Properti,agen-properti,jasa,biaya iklan tidak kembali jika rumah belum laku,modal iklan amblas tanpa kepastian komisi
Indragiri Hulu,indragiri-hulu,Pindahan Rumah,pindahan-rumah,umum,barang lecet di jalan tidak tercover nota,tuntutan ganti rugi klien melebihi biaya jasa
Gunung Mas,gunung-mas,Percetakan Spanduk,percetakan-spanduk,retail,biaya setting desain diminta gratis pelanggan,waktu desainer terbuang tanpa nilai finansial
Padang Lawas Utara,padang-lawas-utara,Cleaning Service,cleaning-service,umum,biaya pembersih kimia khusus tidak tercatat invoice,modal habis untuk obat pembersih mahal
Ngawi,ngawi,Jasa Bongkar Bangunan,jasa-bongkar-bangunan,konstruksi,biaya pembuangan puing ditolak klien di akhir proyek,harus membayar biaya pembuangan sendiri ke pihak ketiga
Subang,subang,Editor Naskah,editor-naskah,jasa,waktu membaca lama tidak dihargai profesional,lelah mental tanpa kompensasi finansial layak
Sumba Tengah,sumba-tengah,Toko Sepeda,toko-sepeda,retail,biaya servis ringan lupa ditagih saat beli unit,beban kerja mekanik tinggi tanpa pemasukan
Indragiri Hulu,indragiri-hulu,Basmi Hama,basmi-hama,umum,garansi hama tidak kembali sulit dibuktikan,harus kunjungan ulang gratis yang merugikan
Pangkal Pinang,pangkal-pinang,Bengkel Motor,bengkel-motor,retail,stok sparepart keluar tidak tercatat di nota,modal habis untuk stok tapi uang tidak kembali
Gunungsitoli,gunungsitoli,Konsultan Bisnis,konsultan-bisnis,jasa,sulit melacak jam konsultasi via telepon atau VC,banyak ilmu diberikan gratis tanpa kompensasi
Kutai Kartanegara,kutai-kartanegara,Pemilik Laundry,pemilik-laundry,retail,nota kertas sering basah atau hilang di baju,kekeliruan pengambilan baju merusak nama baik
Luwu,luwu,Kontraktor Bangunan,kontraktor-bangunan,konstruksi,penagihan termin proyek sering terlewat dari jadwal,dana operasional beli material tahap berikutnya macet
Aceh Timur,aceh-timur,Pindahan Rumah,pindahan-rumah,umum,barang lecet di jalan tidak tercover nota,tuntutan ganti rugi klien melebihi biaya jasa
Kaimana,kaimana,Drone Pilot,drone-pilot,kreatif,risiko kerusakan alat tinggi tidak tercatat di biaya jasa,tabungan habis untuk perbaikan alat tanpa cadangan biaya
Semarang,semarang,Web Developer,web-developer,kreatif,biaya maintenance server sering lupa ditagihkan ke klien,harus menanggung biaya hosting dari kantong pribadi
Tidore Kepulauan,tidore-kepulauan,Social Media Manager,social-media-manager,kreatif,sulit membuktikan laporan kerja bulanan yang sudah terbayar,terjadi tumpang tindih penagihan yang membingungkan klien
Nias,nias,Studio Foto,studio-foto,kreatif,biaya overtime studio sering lupa dimasukkan,listrik membengkak tanpa tambahan pendapatan
Denpasar,denpasar,Freelancer,freelancer,jasa,tidak memiliki slip gaji atau invoice untuk kredit,sulit mendapatkan akses perbankan atau KPR
Binjai,binjai,Toko Aksesoris HP,toko-aksesoris-hp,retail,garansi barang diklaim tanpa nota fisik,harus ganti barang yang bukan dibeli dari toko
Serang,serang,Tutor Privat,tutor-privat,jasa,rekap jam mengajar bulanan tidak akurat di mata wali murid,pendapatan berkurang karena sesi dianggap belum masuk
Lingga,lingga,Basmi Hama,basmi-hama,umum,garansi hama tidak kembali sulit dibuktikan,harus kunjungan ulang gratis yang merugikan
Denpasar,denpasar,Warung Kopi,warung-kopi,kuliner,pengeluaran bahan baku harian tidak terkontrol,bisnis ramai tapi pemilik tidak pegang uang
Kepulauan Aru,kepulauan-aru,Apotek Rakyat,apotek-rakyat,retail,obat expired tidak terdeteksi karena nota berantakan,kerugian finansial akibat barang dibuang
Prabumulih,prabumulih,Jasa Sewa Mobil,jasa-sewa-mobil,umum,biaya denda telat sulit ditagih ke penyewa,kerugian waktu sewa untuk pelanggan berikutnya
Nganjuk,nganjuk,Basmi Hama,basmi-hama,umum,garansi hama tidak kembali sulit dibuktikan,harus kunjungan ulang gratis yang merugikan
Konawe Utara,konawe-utara,Jasa Jahit,jasa-jahit,umum,klien tidak ambil baju selesai berbulan-bulan,modal kain dan tenaga tertahan di barang
Banyuwangi,banyuwangi,Desain Undangan,desain-undangan,kreatif,revisi teks berkali-kali menyita waktu kerja,pendapatan per jam menjadi sangat rendah
Dharmasraya,dharmasraya,Toko Aksesoris HP,toko-aksesoris-hp,retail,garansi barang diklaim tanpa nota fisik,harus ganti barang yang bukan dibeli dari toko
Blitar,blitar,Blogger,blogger,kreatif,pembayaran agency sering melewati jatuh tempo 30 hari,perputaran uang untuk operasional website terganggu
Gayo Lues,gayo-lues,Web Developer,web-developer,kreatif,biaya maintenance server sering lupa ditagihkan ke klien,harus menanggung biaya hosting dari kantong pribadi
Kepulauan Siau Tagulandang Biaro,kepulauan-siau-tagulandang-biaro,Jasa Setrika,jasa-setrika,umum,pelanggan komplain baju kurang licin tanpa bukti,reputasi menurun akibat subjektivitas komplain
Muko Muko,muko-muko,Rental Playstation,rental-playstation,umum,billing waktu dimanipulasi oknum penjaga,kebocoran pendapatan harian sulit dideteksi
Buton,buton,Jasa Pasang Wallpaper,jasa-pasang-wallpaper,konstruksi,sisa bahan banyak tidak tercatat sebagai inventaris,modal mati di stok barang sisa yang tidak terpakai
Kolaka,kolaka,Blogger,blogger,kreatif,pembayaran agency sering melewati jatuh tempo 30 hari,perputaran uang untuk operasional website terganggu
Natuna,natuna,Illustrator,illustrator,kreatif,sulit melacak lisensi karya karena invoice tidak mencantumkan hak cipta,karya digunakan komersial tanpa royalti yang sah
Tanah Bumbu,tanah-bumbu,Bakery Rumahan,bakery-rumahan,kuliner,biaya packaging cantik lupa masuk harga jual,terlihat premium tapi margin sangat tipis
Tanggamus,tanggamus,Jasa Pasang Kanopi,jasa-pasang-kanopi,konstruksi,sulit mengelola uang muka (DP) dari banyak pelanggan,kehabisan modal di tengah jalan sebelum proyek selesai
Cilacap,cilacap,Fashion Stylist,fashion-stylist,kreatif,sulit menagih ganti rugi jika properti baju rusak oleh klien,harus menanggung biaya perbaikan pakaian yang mahal
Manado,manado,Pemilik Laundry,pemilik-laundry,retail,nota kertas sering basah atau hilang di baju,kekeliruan pengambilan baju merusak nama baik
Sabang,sabang,Notaris,notaris,jasa,rekap biaya PNBP banyak membingungkan asisten,risiko teguran instansi jika terjadi selisih bayar
Sukoharjo,sukoharjo,Illustrator,illustrator,kreatif,sulit melacak lisensi karya karena invoice tidak mencantumkan hak cipta,karya digunakan komersial tanpa royalti yang sah
Seluma,seluma,Arsitek Mandiri,arsitek-mandiri,konstruksi,revisi desain terus bertambah tanpa charge tambahan,waktu pengerjaan molor tidak sebanding dengan honor
Kampar,kampar,Personal Trainer,personal-trainer,jasa,klien membatalkan sesi mendadak tanpa penalti,kehilangan potensi pendapatan dari slot waktu kosong
Fakfak,fakfak,Jasa Pengetikan,jasa-pengetikan,jasa,biaya tinta dan kertas dianggap remeh pelanggan,pendapatan bersih hanya cukup beli perlengkapan lagi
Barito Timur,barito-timur,Architectural Photographer,architectural-photographer,kreatif,biaya transportasi dan akomodasi sulit direimburse,pengeluaran pribadi membengkak untuk urusan klien
Dairi,dairi,Penterjemah,penterjemah,jasa,perhitungan biaya per kata diperdebatkan klien,waktu habis negosiasi ulang tagihan yang selesai
Magetan,magetan,Kalibrasi Alat,kalibrasi-alat,umum,sertifikat kalibrasi hilang karena nota tidak digital,klien kesulitan saat ada audit resmi
Karangasem,karangasem,Ahli Konstruksi Baja,ahli-konstruksi-baja,konstruksi,kenaikan harga besi mendadak sebelum invoice cair,proyek rugi karena harga beli lebih tinggi dari nota
Teluk Wondama,teluk-wondama,Event Organizer,event-organizer,jasa,uang muka klien habis untuk operasional awal,kesulitan melunasi vendor di akhir acara
Konawe Selatan,konawe-selatan,Architectural Photographer,architectural-photographer,kreatif,biaya transportasi dan akomodasi sulit direimburse,pengeluaran pribadi membengkak untuk urusan klien
Humbang Hasundutan,humbang-hasundutan,Content Creator,content-creator,kreatif,bingung menghitung rate card dan PPh21 dalam satu nota,potensi penghasilan berkurang karena salah perhitungan pajak
Bengkayang,bengkayang,Warung Kopi,warung-kopi,kuliner,pengeluaran bahan baku harian tidak terkontrol,bisnis ramai tapi pemilik tidak pegang uang
Simalungun,simalungun,Tukang Kayu Custom,tukang-kayu-custom,konstruksi,pengerjaan furniture lama membuat invoice terlupakan,klien lupa bayar pelunasan karena barang sudah dikirim
Tabalong,tabalong,Warung Kopi,warung-kopi,kuliner,pengeluaran bahan baku harian tidak terkontrol,bisnis ramai tapi pemilik tidak pegang uang
Kepulauan Anambas,kepulauan-anambas,Percetakan Spanduk,percetakan-spanduk,retail,biaya setting desain diminta gratis pelanggan,waktu desainer terbuang tanpa nilai finansial
Halmahera Selatan,halmahera-selatan,Akupuntur,akupuntur,umum,rekap kunjungan pasien per bulan manual/lambat,pasien lama tidak dipantau untuk sesi lanjut
Halmahera Timur,halmahera-timur,Toko Aksesoris HP,toko-aksesoris-hp,retail,garansi barang diklaim tanpa nota fisik,harus ganti barang yang bukan dibeli dari toko
Aceh Barat,aceh-barat,Voice Over Artist,voice-over-artist,kreatif,sulit menagih biaya tambahan untuk durasi penggunaan suara,kehilangan pendapatan pasif dari hak siar
Halmahera Timur,halmahera-timur,Catering Harian,catering-harian,kuliner,rekap pesanan bulanan selisih dengan dapur,salah kirim menu berujung komplain pedas
Ketapang,ketapang,Cleaning Service,cleaning-service,umum,biaya pembersih kimia khusus tidak tercatat invoice,modal habis untuk obat pembersih mahal
Agam,agam,Distributor Telur,distributor-telur,retail,risiko telur pecah kirim tidak terhitung nota,keuntungan harian tergerus penyusutan barang
Ternate,ternate,Service Laptop,service-laptop,umum,biaya cek tidak dibayar jika tidak jadi servis,waktu dan keahlian teknisi terbuang sia-sia
Pasuruan,pasuruan,Tukang Pasang Keramik,tukang-pasang-keramik,konstruksi,pecahnya keramik saat pemasangan tidak terhitung di biaya,margin keuntungan habis untuk ganti keramik rusak
Subang,subang,Cleaning Service,cleaning-service,umum,biaya pembersih kimia khusus tidak tercatat invoice,modal habis untuk obat pembersih mahal
Minahasa,minahasa,Ahli Plumbing,ahli-plumbing,konstruksi,biaya material kecil sering lupa dimasukkan ke nota,akumulasi kerugian material merusak profit bulanan
Poso,poso,Ahli Konstruksi Baja,ahli-konstruksi-baja,konstruksi,kenaikan harga besi mendadak sebelum invoice cair,proyek rugi karena harga beli lebih tinggi dari nota
Sukabumi,sukabumi,Jasa Pasang Parquet,jasa-pasang-parquet,konstruksi,kelembaban ruangan merusak kayu tidak tercatat risikonya,klien menuntut ganti rugi penuh atas kerusakan alamiah
Hulu Sungai Selatan,hulu-sungai-selatan,Toko Sepeda,toko-sepeda,retail,biaya servis ringan lupa ditagih saat beli unit,beban kerja mekanik tinggi tanpa pemasukan
Teluk Bintuni,teluk-bintuni,Jasa Pengetikan,jasa-pengetikan,jasa,biaya tinta dan kertas dianggap remeh pelanggan,pendapatan bersih hanya cukup beli perlengkapan lagi
Banyuasin,banyuasin,Studio Foto,studio-foto,kreatif,biaya overtime studio sering lupa dimasukkan,listrik membengkak tanpa tambahan pendapatan
Denpasar,denpasar,Toko Helm,toko-helm,retail,stok gudang tidak sesuai nota penjualan,risiko kehilangan barang akibat kelalaian
Batu,batu,Pemilik Laundry,pemilik-laundry,retail,nota kertas sering basah atau hilang di baju,kekeliruan pengambilan baju merusak nama baik
Aceh Tengah,aceh-tengah,Podcast Producer,podcast-producer,kreatif,biaya sewa studio fluktuatif sulit dicatat manual,pembukuan bulanan selalu selisih dan tidak akurat
Tegal,tegal,Videografer Freelance,videografer-freelance,kreatif,klien meminta revisi tanpa batas karena tidak ada kontrak jelas,waktu produktif habis untuk pekerjaan tidak berbayar
Tasikmalaya,tasikmalaya,Penterjemah,penterjemah,jasa,perhitungan biaya per kata diperdebatkan klien,waktu habis negosiasi ulang tagihan yang selesai
Ogan Ilir,ogan-ilir,Barbershop,barbershop,umum,sulit melacak performa kapster per kepala,pembagian komisi tidak adil memicu konflik
Supiori,supiori,Wedding Organizer,wedding-organizer,kreatif,rekap tagihan banyak vendor dalam satu proyek sering selisih,risiko salah bayar vendor yang merugikan margin profit
Raja Ampat,raja-ampat,Pet Shop,pet-shop,retail,biaya titip hewan tidak dibayar penuh saat jemput,menanggung biaya makan tanpa bayaran pemilik
Maluku Tenggara,maluku-tenggara,Editor Naskah,editor-naskah,jasa,waktu membaca lama tidak dihargai profesional,lelah mental tanpa kompensasi finansial layak
Prabumulih,prabumulih,Social Media Manager,social-media-manager,kreatif,sulit membuktikan laporan kerja bulanan yang sudah terbayar,terjadi tumpang tindih penagihan yang membingungkan klien
Morowali,morowali,Content Creator,content-creator,kreatif,bingung menghitung rate card dan PPh21 dalam satu nota,potensi penghasilan berkurang karena salah perhitungan pajak
Rokan Hilir,rokan-hilir,Jasa Pasang Parquet,jasa-pasang-parquet,konstruksi,kelembaban ruangan merusak kayu tidak tercatat risikonya,klien menuntut ganti rugi penuh atas kerusakan alamiah
Limboto,limboto,Konsultan Bisnis,konsultan-bisnis,jasa,sulit melacak jam konsultasi via telepon atau VC,banyak ilmu diberikan gratis tanpa kompensasi
Kolaka,kolaka,Fashion Stylist,fashion-stylist,kreatif,sulit menagih ganti rugi jika properti baju rusak oleh klien,harus menanggung biaya perbaikan pakaian yang mahal
Mandailing Natal,mandailing-natal,Toko Bangunan,toko-bangunan,retail,utang mandor menumpuk sulit dilacak tanpa sistem,macetnya arus kas membuat toko terancam tutup
Bengkulu Selatan,bengkulu-selatan,Florist,florist,retail,biaya kirim berubah sesuai jarak lokasi,ongkos kirim nomok karena salah estimasi awal
Bau-Bau,bau-bau,Editor Naskah,editor-naskah,jasa,waktu membaca lama tidak dihargai profesional,lelah mental tanpa kompensasi finansial layak
Bener Meriah,bener-meriah,Event Organizer,event-organizer,jasa,uang muka klien habis untuk operasional awal,kesulitan melunasi vendor di akhir acara
Katingan,katingan,Pembersih Kaca Gedung,pembersih-kaca-gedung,konstruksi,risiko kerja tinggi namun asuransi tidak terinci di invoice,perusahaan sulit klaim jika terjadi kecelakaan kerja
Tanjung Jabung Timur,tanjung-jabung-timur,Studio Foto,studio-foto,kreatif,biaya overtime studio sering lupa dimasukkan,listrik membengkak tanpa tambahan pendapatan
Solok,solok,Bengkel Motor,bengkel-motor,retail,stok sparepart keluar tidak tercatat di nota,modal habis untuk stok tapi uang tidak kembali
Minahasa Selatan,minahasa-selatan,Pet Shop,pet-shop,retail,biaya titip hewan tidak dibayar penuh saat jemput,menanggung biaya makan tanpa bayaran pemilik
Pidie,pidie,Agen Properti,agen-properti,jasa,biaya iklan tidak kembali jika rumah belum laku,modal iklan amblas tanpa kepastian komisi
Boven Digoel,boven-digoel,Sewa Alat Camping,sewa-alat-camping,umum,kerusakan alat saat mendaki tidak diganti penyewa,aset bisnis habis rusak tanpa biaya perbaikan
Labuhan Batu,labuhan-batu,Desainer Grafis,desainer-grafis,kreatif,klien menunda pembayaran termin kedua hingga berbulan-bulan,sulit membayar biaya langganan software desain tepat waktu
Raja Ampat,raja-ampat,Cleaning Service,cleaning-service,umum,biaya pembersih kimia khusus tidak tercatat invoice,modal habis untuk obat pembersih mahal
Manokwari,manokwari,Konsultan Pajak,konsultan-pajak,jasa,menghabiskan waktu berjam-jam membuat format nota,fokus analisis data klien menjadi terpecah
Kolaka Utara,kolaka-utara,Makeup Artist (MUA),makeup-artist-mua,kreatif,invoice manual sering hilang atau terselip di chat WhatsApp,kehilangan kepercayaan dari klien kelas atas
Tulang Bawang,tulang-bawang,Catering Harian,catering-harian,kuliner,rekap pesanan bulanan selisih dengan dapur,salah kirim menu berujung komplain pedas
Sinjai,sinjai,Henna Artist,henna-artist,kreatif,biaya transportasi ke lokasi sering lupa dihitung,honor habis di jalan hanya untuk bensin
Bener Meriah,bener-meriah,Drone Pilot,drone-pilot,kreatif,risiko kerusakan alat tinggi tidak tercatat di biaya jasa,tabungan habis untuk perbaikan alat tanpa cadangan biaya
Probolinggo,probolinggo,Akupuntur,akupuntur,umum,rekap kunjungan pasien per bulan manual/lambat,pasien lama tidak dipantau untuk sesi lanjut
Seruyan,seruyan,Barbershop,barbershop,umum,sulit melacak performa kapster per kepala,pembagian komisi tidak adil memicu konflik
Ogan Komering Ulu Selatan,ogan-komering-ulu-selatan,Toko Sepeda,toko-sepeda,retail,biaya servis ringan lupa ditagih saat beli unit,beban kerja mekanik tinggi tanpa pemasukan
Karawang,karawang,Apotek Rakyat,apotek-rakyat,retail,obat expired tidak terdeteksi karena nota berantakan,kerugian finansial akibat barang dibuang
Tanah Laut,tanah-laut,Catering Harian,catering-harian,kuliner,rekap pesanan bulanan selisih dengan dapur,salah kirim menu berujung komplain pedas
Bantul,bantul,Editor Naskah,editor-naskah,jasa,waktu membaca lama tidak dihargai profesional,lelah mental tanpa kompensasi finansial layak
Malinau,malinau,Social Media Manager,social-media-manager,kreatif,sulit membuktikan laporan kerja bulanan yang sudah terbayar,terjadi tumpang tindih penagihan yang membingungkan klien
Cilacap,cilacap,Jasa Titip,jasa-titip,umum,perubahan kurs saat belanja tidak tercatat nota,keuntungan habis karena selisih kurs merugikan
Trenggalek,trenggalek,Toko Jam,toko-jam,retail,biaya ganti baterai dianggap sepele pelanggan,margin kecil jika tidak dikelola merusak profit
Garut,garut,Agen Properti,agen-properti,jasa,biaya iklan tidak kembali jika rumah belum laku,modal iklan amblas tanpa kepastian komisi
Wakatobi,wakatobi,Instruktur Yoga,instruktur-yoga,jasa,jumlah peserta kelas tidak sesuai laporan keuangan,potensi kebocoran pendapatan kelas
Kolaka Utara,kolaka-utara,Catering Harian,catering-harian,kuliner,rekap pesanan bulanan selisih dengan dapur,salah kirim menu berujung komplain pedas
Enrekang,enrekang,Event Organizer,event-organizer,jasa,uang muka klien habis untuk operasional awal,kesulitan melunasi vendor di akhir acara
Garut,garut,Personal Trainer,personal-trainer,jasa,klien membatalkan sesi mendadak tanpa penalti,kehilangan potensi pendapatan dari slot waktu kosong
Pariaman,pariaman,Penterjemah,penterjemah,jasa,perhitungan biaya per kata diperdebatkan klien,waktu habis negosiasi ulang tagihan yang selesai
Aceh Barat Daya,aceh-barat-daya,Data Analyst,data-analyst,jasa,biaya komputasi cloud lupa dibebankan ke klien,keuntungan bersih terpotong biaya server mahal
Sijunjung,sijunjung,Jasa Pasang Wallpaper,jasa-pasang-wallpaper,konstruksi,sisa bahan banyak tidak tercatat sebagai inventaris,modal mati di stok barang sisa yang tidak terpakai
Probolinggo,probolinggo,Guru Musik,guru-musik,jasa,biaya sewa instrumen tidak masuk nota bulanan,aset instrumen rusak tanpa dana cadangan servis
Ogan Komering Ulu Selatan,ogan-komering-ulu-selatan,Desainer Grafis,desainer-grafis,kreatif,klien menunda pembayaran termin kedua hingga berbulan-bulan,sulit membayar biaya langganan software desain tepat waktu
Medan,medan,Kalibrasi Alat,kalibrasi-alat,umum,sertifikat kalibrasi hilang karena nota tidak digital,klien kesulitan saat ada audit resmi
Wonosobo,wonosobo,Jasa Jahit,jasa-jahit,umum,klien tidak ambil baju selesai berbulan-bulan,modal kain dan tenaga tertahan di barang
Gayo Lues,gayo-lues,Toko Alat Tulis,toko-alat-tulis,retail,pembelian eceran instansi sulit nota gabungan,pelanggan instansi pindah ke toko lain
Mamberamo Raya,mamberamo-raya,Jasa Pasang Kanopi,jasa-pasang-kanopi,konstruksi,sulit mengelola uang muka (DP) dari banyak pelanggan,kehabisan modal di tengah jalan sebelum proyek selesai
Padang Sidempuan,padang-sidempuan,Desain Undangan,desain-undangan,kreatif,revisi teks berkali-kali menyita waktu kerja,pendapatan per jam menjadi sangat rendah
Sigi,sigi,Percetakan Spanduk,percetakan-spanduk,retail,biaya setting desain diminta gratis pelanggan,waktu desainer terbuang tanpa nilai finansial
Bulukumba,bulukumba,Konsultan Pajak,konsultan-pajak,jasa,menghabiskan waktu berjam-jam membuat format nota,fokus analisis data klien menjadi terpecah
Wajo,wajo,Mandor Borongan,mandor-borongan,konstruksi,sulit membagi gaji karena catatan kas bon berantakan,kepercayaan anak buah menurun dan proyek terbengkalai
Yalimo,yalimo,Apotek Rakyat,apotek-rakyat,retail,obat expired tidak terdeteksi karena nota berantakan,kerugian finansial akibat barang dibuang
Jakarta Barat,jakarta-barat,Barbershop,barbershop,umum,sulit melacak performa kapster per kepala,pembagian komisi tidak adil memicu konflik
Cianjur,cianjur,Jasa Bongkar Bangunan,jasa-bongkar-bangunan,konstruksi,biaya pembuangan puing ditolak klien di akhir proyek,harus membayar biaya pembuangan sendiri ke pihak ketiga
Aceh Barat,aceh-barat,Fotografer Pernikahan,fotografer-pernikahan,kreatif,sulit melacak pelunasan sisa pembayaran setelah acara,arus kas tersendat dan tabungan bisnis sering terpakai untuk operasional
Pinrang,pinrang,Kontraktor Kolam Renang,kontraktor-kolam-renang,konstruksi,biaya chemical awal sering dianggap gratis oleh pemilik,pengeluaran rutin operasional menggerus keuntungan
Kuantan Singingi,kuantan-singingi,Tour Guide,tour-guide,jasa,biaya tips dan makan tidak tercatat penghasilan,perhitungan pajak tahunan menjadi tidak akurat
Bungo,bungo,Jasa Jahit,jasa-jahit,umum,klien tidak ambil baju selesai berbulan-bulan,modal kain dan tenaga tertahan di barang
Aceh Utara,aceh-utara,Rental Playstation,rental-playstation,umum,billing waktu dimanipulasi oknum penjaga,kebocoran pendapatan harian sulit dideteksi
Keerom,keerom,Toko Helm,toko-helm,retail,stok gudang tidak sesuai nota penjualan,risiko kehilangan barang akibat kelalaian
Serdang Bedagai,serdang-bedagai,Distributor Telur,distributor-telur,retail,risiko telur pecah kirim tidak terhitung nota,keuntungan harian tergerus penyusutan barang
Seluma,seluma,Frozen Food,frozen-food,kuliner,biaya listrik freezer mahal tidak terhitung harga,bisnis rugi karena beban operasional listrik
Jepara,jepara,Jasa Setrika,jasa-setrika,umum,pelanggan komplain baju kurang licin tanpa bukti,reputasi menurun akibat subjektivitas komplain
Bolaang Mongondow,bolaang-mongondow,Tour Guide,tour-guide,jasa,biaya tips dan makan tidak tercatat penghasilan,perhitungan pajak tahunan menjadi tidak akurat
Palembang,palembang,Apotek Rakyat,apotek-rakyat,retail,obat expired tidak terdeteksi karena nota berantakan,kerugian finansial akibat barang dibuang
Sekadau,sekadau,Guru Musik,guru-musik,jasa,biaya sewa instrumen tidak masuk nota bulanan,aset instrumen rusak tanpa dana cadangan servis
Lahat,lahat,Florist,florist,retail,biaya kirim berubah sesuai jarak lokasi,ongkos kirim nomok karena salah estimasi awal
Lhokseumawe,lhokseumawe,Custom Mahar,custom-mahar,kreatif,harga bingkai naik mendadak tidak tercover,bisnis merugi karena kenaikan bahan baku
Pesawaran,pesawaran,Psikolog,psikolog,jasa,administrasi tagihan berbelit mengganggu fokus empati,kualitas layanan menurun karena beban kerja admin
Karangasem,karangasem,Studio Foto,studio-foto,kreatif,biaya overtime studio sering lupa dimasukkan,listrik membengkak tanpa tambahan pendapatan
Lebong,lebong,Rental Playstation,rental-playstation,umum,billing waktu dimanipulasi oknum penjaga,kebocoran pendapatan harian sulit dideteksi
Lombok Utara,lombok-utara,Fashion Stylist,fashion-stylist,kreatif,sulit menagih ganti rugi jika properti baju rusak oleh klien,harus menanggung biaya perbaikan pakaian yang mahal
Pelalawan,pelalawan,Content Creator,content-creator,kreatif,bingung menghitung rate card dan PPh21 dalam satu nota,potensi penghasilan berkurang karena salah perhitungan pajak
Tana Tidung,tana-tidung,Percetakan Spanduk,percetakan-spanduk,retail,biaya setting desain diminta gratis pelanggan,waktu desainer terbuang tanpa nilai finansial
Makassar,makassar,Florist,florist,retail,biaya kirim berubah sesuai jarak lokasi,ongkos kirim nomok karena salah estimasi awal
Ogan Komering Ulu,ogan-komering-ulu,Ahli Plumbing,ahli-plumbing,konstruksi,biaya material kecil sering lupa dimasukkan ke nota,akumulasi kerugian material merusak profit bulanan
Bima,bima,Tour Guide,tour-guide,jasa,biaya tips dan makan tidak tercatat penghasilan,perhitungan pajak tahunan menjadi tidak akurat
Lampung Selatan,lampung-selatan,Jasa Jahit,jasa-jahit,umum,klien tidak ambil baju selesai berbulan-bulan,modal kain dan tenaga tertahan di barang
Boven Digoel,boven-digoel,Akupuntur,akupuntur,umum,rekap kunjungan pasien per bulan manual/lambat,pasien lama tidak dipantau untuk sesi lanjut
Kotawaringin Barat,kotawaringin-barat,Music Producer,music-producer,kreatif,pembagian royalti antar musisi tidak tercatat di sistem,potensi konflik hukum dengan rekan kerja di masa depan
Jakarta Timur,jakarta-timur,UI/UX Designer,ui/ux-designer,kreatif,dokumentasi pembayaran startup sering tidak terorganisir,sulit melakukan audit keuangan pribadi di akhir tahun
Sumba Timur,sumba-timur,Copywriter,copywriter,kreatif,klien korporat meminta format invoice khusus yang rumit,pembayaran tertunda berminggu-minggu karena kesalahan format
Berau,berau,Life Coach,life-coach,jasa,klien menunggak bayar karena hubungan terlalu dekat,profesionalisme rusak oleh rasa sungkan menagih
Minahasa Utara,minahasa-utara,Toko Helm,toko-helm,retail,stok gudang tidak sesuai nota penjualan,risiko kehilangan barang akibat kelalaian
Tana Tidung,tana-tidung,Arsitek Mandiri,arsitek-mandiri,konstruksi,revisi desain terus bertambah tanpa charge tambahan,waktu pengerjaan molor tidak sebanding dengan honor
Toli-Toli,toli-toli,Tutor Privat,tutor-privat,jasa,rekap jam mengajar bulanan tidak akurat di mata wali murid,pendapatan berkurang karena sesi dianggap belum masuk
Sawahlunto,sawahlunto,Desain Undangan,desain-undangan,kreatif,revisi teks berkali-kali menyita waktu kerja,pendapatan per jam menjadi sangat rendah
Kendal,kendal,Toko Jam,toko-jam,retail,biaya ganti baterai dianggap sepele pelanggan,margin kecil jika tidak dikelola merusak profit
Cilacap,cilacap,Jasa Pasang Kanopi,jasa-pasang-kanopi,konstruksi,sulit mengelola uang muka (DP) dari banyak pelanggan,kehabisan modal di tengah jalan sebelum proyek selesai
Bener Meriah,bener-meriah,Guru Musik,guru-musik,jasa,biaya sewa instrumen tidak masuk nota bulanan,aset instrumen rusak tanpa dana cadangan servis
Bojonegoro,bojonegoro,Editor Naskah,editor-naskah,jasa,waktu membaca lama tidak dihargai profesional,lelah mental tanpa kompensasi finansial layak
Sidoarjo,sidoarjo,Jasa Sumur Bor,jasa-sumur-bor,konstruksi,kedalaman sumur meleset dari estimasi awal di invoice,biaya tenaga kerja membengkak tanpa tambahan pendapatan
Halmahera Timur,halmahera-timur,Editor Video,editor-video,kreatif,proses render terhambat karena stres memikirkan tagihan belum cair,deadline proyek berantakan dan reputasi profesional menurun
Nduga,nduga,Toko Jam,toko-jam,retail,biaya ganti baterai dianggap sepele pelanggan,margin kecil jika tidak dikelola merusak profit
Kampar,kampar,Personal Trainer,personal-trainer,jasa,klien membatalkan sesi mendadak tanpa penalti,kehilangan potensi pendapatan dari slot waktu kosong
Sorong Selatan,sorong-selatan,Akupuntur,akupuntur,umum,rekap kunjungan pasien per bulan manual/lambat,pasien lama tidak dipantau untuk sesi lanjut
Bombana,bombana,Toko Oleh-oleh,toko-oleh-oleh,retail,sulit buat invoice rombongan bus pariwisata,transaksi lama membuat pelanggan tidak nyaman
Pesisir Selatan,pesisir-selatan,Social Media Manager,social-media-manager,kreatif,sulit membuktikan laporan kerja bulanan yang sudah terbayar,terjadi tumpang tindih penagihan yang membingungkan klien
Langkat,langkat,Illustrator,illustrator,kreatif,sulit melacak lisensi karya karena invoice tidak mencantumkan hak cipta,karya digunakan komersial tanpa royalti yang sah
Mamuju,mamuju,Pindahan Rumah,pindahan-rumah,umum,barang lecet di jalan tidak tercover nota,tuntutan ganti rugi klien melebihi biaya jasa
Ternate,ternate,Blogger,blogger,kreatif,pembayaran agency sering melewati jatuh tempo 30 hari,perputaran uang untuk operasional website terganggu
Pinrang,pinrang,Editor Video,editor-video,kreatif,proses render terhambat karena stres memikirkan tagihan belum cair,deadline proyek berantakan dan reputasi profesional menurun
Tanjung Balai,tanjung-balai,Jasa Titip,jasa-titip,umum,perubahan kurs saat belanja tidak tercatat nota,keuntungan habis karena selisih kurs merugikan
Flores Timur,flores-timur,Pembersih Kaca Gedung,pembersih-kaca-gedung,konstruksi,risiko kerja tinggi namun asuransi tidak terinci di invoice,perusahaan sulit klaim jika terjadi kecelakaan kerja
Palembang,palembang,Makeup Artist (MUA),makeup-artist-mua,kreatif,invoice manual sering hilang atau terselip di chat WhatsApp,kehilangan kepercayaan dari klien kelas atas
Jakarta Timur,jakarta-timur,Architectural Photographer,architectural-photographer,kreatif,biaya transportasi dan akomodasi sulit direimburse,pengeluaran pribadi membengkak untuk urusan klien
Muko Muko,muko-muko,Catering Harian,catering-harian,kuliner,rekap pesanan bulanan selisih dengan dapur,salah kirim menu berujung komplain pedas
Kayong Utara,kayong-utara,Jasa Setrika,jasa-setrika,umum,pelanggan komplain baju kurang licin tanpa bukti,reputasi menurun akibat subjektivitas komplain
Humbang Hasundutan,humbang-hasundutan,Instruktur Yoga,instruktur-yoga,jasa,jumlah peserta kelas tidak sesuai laporan keuangan,potensi kebocoran pendapatan kelas
Pulang Pisau,pulang-pisau,Notaris,notaris,jasa,rekap biaya PNBP banyak membingungkan asisten,risiko teguran instansi jika terjadi selisih bayar
Rembang,rembang,Desain Undangan,desain-undangan,kreatif,revisi teks berkali-kali menyita waktu kerja,pendapatan per jam menjadi sangat rendah
Bengkalis,bengkalis,Kalibrasi Alat,kalibrasi-alat,umum,sertifikat kalibrasi hilang karena nota tidak digital,klien kesulitan saat ada audit resmi
Belitung,belitung,Toko Pancing,toko-pancing,retail,sulit kelola retur pelanggan ke distributor,modal tertahan di barang rusak tidak terjual
Tana Tidung,tana-tidung,Tukang Listrik,tukang-listrik,konstruksi,sulit memberikan bukti pembayaran formal untuk klaim kantor,klien perusahaan besar enggan memakai jasa kembali
Lamongan,lamongan,Personal Trainer,personal-trainer,jasa,klien membatalkan sesi mendadak tanpa penalti,kehilangan potensi pendapatan dari slot waktu kosong
Tapin,tapin,Kontraktor Bangunan,kontraktor-bangunan,konstruksi,penagihan termin proyek sering terlewat dari jadwal,dana operasional beli material tahap berikutnya macet
Natuna,natuna,Web Developer,web-developer,kreatif,biaya maintenance server sering lupa ditagihkan ke klien,harus menanggung biaya hosting dari kantong pribadi
Solok,solok,Florist,florist,retail,biaya kirim berubah sesuai jarak lokasi,ongkos kirim nomok karena salah estimasi awal
Aceh Barat,aceh-barat,Service AC,service-ac,umum,sulit tagih biaya freon yang habis saat pengerjaan,bolak-balik toko material tanpa biaya bensin
Pati,pati,Studio Foto,studio-foto,kreatif,biaya overtime studio sering lupa dimasukkan,listrik membengkak tanpa tambahan pendapatan
Buton Utara,buton-utara,Distributor Telur,distributor-telur,retail,risiko telur pecah kirim tidak terhitung nota,keuntungan harian tergerus penyusutan barang
Tanjung Jabung Timur,tanjung-jabung-timur,Tukang Pasang Keramik,tukang-pasang-keramik,konstruksi,pecahnya keramik saat pemasangan tidak terhitung di biaya,margin keuntungan habis untuk ganti keramik rusak
Kepulauan Meranti,kepulauan-meranti,Toko Bangunan,toko-bangunan,retail,utang mandor menumpuk sulit dilacak tanpa sistem,macetnya arus kas membuat toko terancam tutup
Polewali Mandar,polewali-mandar,Instruktur Yoga,instruktur-yoga,jasa,jumlah peserta kelas tidak sesuai laporan keuangan,potensi kebocoran pendapatan kelas
Cianjur,cianjur,Illustrator,illustrator,kreatif,sulit melacak lisensi karya karena invoice tidak mencantumkan hak cipta,karya digunakan komersial tanpa royalti yang sah
Bantul,bantul,Bakery Rumahan,bakery-rumahan,kuliner,biaya packaging cantik lupa masuk harga jual,terlihat premium tapi margin sangat tipis
Tual,tual,Barbershop,barbershop,umum,sulit melacak performa kapster per kepala,pembagian komisi tidak adil memicu konflik
Jember,jember,Jasa Cuci Sepatu,jasa-cuci-sepatu,umum,sulit lacak status pengerjaan dari nota manual,sepatu lama tidak diambil memenuhi rak
Tanjung Jabung Barat,tanjung-jabung-barat,Pengacara Freelance,pengacara-freelance,jasa,biaya operasional sidang sulit ditagihkan rinci,honor pokok habis menutupi biaya perjalanan dinas
Sidoarjo,sidoarjo,Social Media Manager,social-media-manager,kreatif,sulit membuktikan laporan kerja bulanan yang sudah terbayar,terjadi tumpang tindih penagihan yang membingungkan klien
Kotamobagu,kotamobagu,Pembersih Kaca Gedung,pembersih-kaca-gedung,konstruksi,risiko kerja tinggi namun asuransi tidak terinci di invoice,perusahaan sulit klaim jika terjadi kecelakaan kerja
Tapanuli Utara,tapanuli-utara,Toko Sepeda,toko-sepeda,retail,biaya servis ringan lupa ditagih saat beli unit,beban kerja mekanik tinggi tanpa pemasukan
Depok,depok,Copywriter,copywriter,kreatif,klien korporat meminta format invoice khusus yang rumit,pembayaran tertunda berminggu-minggu karena kesalahan format
Ciamis,ciamis,Penterjemah,penterjemah,jasa,perhitungan biaya per kata diperdebatkan klien,waktu habis negosiasi ulang tagihan yang selesai
Rembang,rembang,UI/UX Designer,ui/ux-designer,kreatif,dokumentasi pembayaran startup sering tidak terorganisir,sulit melakukan audit keuangan pribadi di akhir tahun
Kapuas,kapuas,Animator 3D,animator-3d,kreatif,biaya lisensi asset sering tidak tercover di invoice awal,keuntungan bersih menipis karena pengeluaran tak terduga
Toba Samosir,toba-samosir,Jasa Pasang CCTV,jasa-pasang-cctv,konstruksi,sulit menagih biaya kunjungan servis kerusakan kecil,biaya bensin lebih besar dari pendapatan servis
Trenggalek,trenggalek,Toko Alat Tulis,toko-alat-tulis,retail,pembelian eceran instansi sulit nota gabungan,pelanggan instansi pindah ke toko lain
Kepulauan Anambas,kepulauan-anambas,Editor Video,editor-video,kreatif,proses render terhambat karena stres memikirkan tagihan belum cair,deadline proyek berantakan dan reputasi profesional menurun
Pidie Jaya,pidie-jaya,Apotek Rakyat,apotek-rakyat,retail,obat expired tidak terdeteksi karena nota berantakan,kerugian finansial akibat barang dibuang
Aceh Tengah,aceh-tengah,Content Creator,content-creator,kreatif,bingung menghitung rate card dan PPh21 dalam satu nota,potensi penghasilan berkurang karena salah perhitungan pajak
Sukamara,sukamara,Pemilik Laundry,pemilik-laundry,retail,nota kertas sering basah atau hilang di baju,kekeliruan pengambilan baju merusak nama baik
Pesawaran,pesawaran,Jasa Sumur Bor,jasa-sumur-bor,konstruksi,kedalaman sumur meleset dari estimasi awal di invoice,biaya tenaga kerja membengkak tanpa tambahan pendapatan
Pulau Morotai,pulau-morotai,Konsultan Pajak,konsultan-pajak,jasa,menghabiskan waktu berjam-jam membuat format nota,fokus analisis data klien menjadi terpecah
Karimun,karimun,Jasa Pengetikan,jasa-pengetikan,jasa,biaya tinta dan kertas dianggap remeh pelanggan,pendapatan bersih hanya cukup beli perlengkapan lagi
Mamasa,mamasa,Barbershop,barbershop,umum,sulit melacak performa kapster per kepala,pembagian komisi tidak adil memicu konflik
Tolikara,tolikara,Service AC,service-ac,umum,sulit tagih biaya freon yang habis saat pengerjaan,bolak-balik toko material tanpa biaya bensin
Tapanuli Selatan,tapanuli-selatan,Tukang Pasang Keramik,tukang-pasang-keramik,konstruksi,pecahnya keramik saat pemasangan tidak terhitung di biaya,margin keuntungan habis untuk ganti keramik rusak
Bangli,bangli,Florist,florist,retail,biaya kirim berubah sesuai jarak lokasi,ongkos kirim nomok karena salah estimasi awal
Klungkung,klungkung,Cleaning Service,cleaning-service,umum,biaya pembersih kimia khusus tidak tercatat invoice,modal habis untuk obat pembersih mahal
Kepulauan Mentawai,kepulauan-mentawai,Music Producer,music-producer,kreatif,pembagian royalti antar musisi tidak tercatat di sistem,potensi konflik hukum dengan rekan kerja di masa depan
Tasikmalaya,tasikmalaya,Pet Shop,pet-shop,retail,biaya titip hewan tidak dibayar penuh saat jemput,menanggung biaya makan tanpa bayaran pemilik
Dairi,dairi,Ahli Konstruksi Baja,ahli-konstruksi-baja,konstruksi,kenaikan harga besi mendadak sebelum invoice cair,proyek rugi karena harga beli lebih tinggi dari nota
Deli Serdang,deli-serdang,Jasa Pasang Kanopi,jasa-pasang-kanopi,konstruksi,sulit mengelola uang muka (DP) dari banyak pelanggan,kehabisan modal di tengah jalan sebelum proyek selesai
Minahasa Selatan,minahasa-selatan,Tour Guide,tour-guide,jasa,biaya tips dan makan tidak tercatat penghasilan,perhitungan pajak tahunan menjadi tidak akurat
Timor Tengah Selatan,timor-tengah-selatan,Jasa Pasang Parquet,jasa-pasang-parquet,konstruksi,kelembaban ruangan merusak kayu tidak tercatat risikonya,klien menuntut ganti rugi penuh atas kerusakan alamiah
Lombok Tengah,lombok-tengah,Barbershop,barbershop,umum,sulit melacak performa kapster per kepala,pembagian komisi tidak adil memicu konflik
Maluku Tenggara Barat,maluku-tenggara-barat,Tour Guide,tour-guide,jasa,biaya tips dan makan tidak tercatat penghasilan,perhitungan pajak tahunan menjadi tidak akurat
Manggarai,manggarai,Kontraktor Kolam Renang,kontraktor-kolam-renang,konstruksi,biaya chemical awal sering dianggap gratis oleh pemilik,pengeluaran rutin operasional menggerus keuntungan
Tanjung Jabung Timur,tanjung-jabung-timur,Penterjemah,penterjemah,jasa,perhitungan biaya per kata diperdebatkan klien,waktu habis negosiasi ulang tagihan yang selesai
Tanjung Jabung Barat,tanjung-jabung-barat,Jasa Titip,jasa-titip,umum,perubahan kurs saat belanja tidak tercatat nota,keuntungan habis karena selisih kurs merugikan
Wonosobo,wonosobo,Service AC,service-ac,umum,sulit tagih biaya freon yang habis saat pengerjaan,bolak-balik toko material tanpa biaya bensin
Kepulauan Seribu,kepulauan-seribu,Jasa Pasang CCTV,jasa-pasang-cctv,konstruksi,sulit menagih biaya kunjungan servis kerusakan kecil,biaya bensin lebih besar dari pendapatan servis
Aceh Tamiang,aceh-tamiang,Tukang Pasang Keramik,tukang-pasang-keramik,konstruksi,pecahnya keramik saat pemasangan tidak terhitung di biaya,margin keuntungan habis untuk ganti keramik rusak
Bandung,bandung,Jasa Sewa Mobil,jasa-sewa-mobil,umum,biaya denda telat sulit ditagih ke penyewa,kerugian waktu sewa untuk pelanggan berikutnya
Tanjung Balai,tanjung-balai,Editor Video,editor-video,kreatif,proses render terhambat karena stres memikirkan tagihan belum cair,deadline proyek berantakan dan reputasi profesional menurun
Aceh Barat Daya,aceh-barat-daya,Konsultan Bisnis,konsultan-bisnis,jasa,sulit melacak jam konsultasi via telepon atau VC,banyak ilmu diberikan gratis tanpa kompensasi
Batang Hari,batang-hari,Pet Shop,pet-shop,retail,biaya titip hewan tidak dibayar penuh saat jemput,menanggung biaya makan tanpa bayaran pemilik
Tangerang Selatan,tangerang-selatan,Tutor Privat,tutor-privat,jasa,rekap jam mengajar bulanan tidak akurat di mata wali murid,pendapatan berkurang karena sesi dianggap belum masuk
Aceh Utara,aceh-utara,Jasa Pasang CCTV,jasa-pasang-cctv,konstruksi,sulit menagih biaya kunjungan servis kerusakan kecil,biaya bensin lebih besar dari pendapatan servis
Sumbawa Barat,sumbawa-barat,Akuntan Publik,akuntan-publik,jasa,pengarsipan bukti bayar klien berantakan di kantor,sulit melakukan audit internal performa bisnis
Malinau,malinau,Jasa Setrika,jasa-setrika,umum,pelanggan komplain baju kurang licin tanpa bukti,reputasi menurun akibat subjektivitas komplain
Kepulauan Anambas,kepulauan-anambas,Toko Aksesoris HP,toko-aksesoris-hp,retail,garansi barang diklaim tanpa nota fisik,harus ganti barang yang bukan dibeli dari toko
Situbondo,situbondo,Percetakan Spanduk,percetakan-spanduk,retail,biaya setting desain diminta gratis pelanggan,waktu desainer terbuang tanpa nilai finansial
Nias Barat,nias-barat,Jasa Pengetikan,jasa-pengetikan,jasa,biaya tinta dan kertas dianggap remeh pelanggan,pendapatan bersih hanya cukup beli perlengkapan lagi
Jayapura,jayapura,Psikolog,psikolog,jasa,administrasi tagihan berbelit mengganggu fokus empati,kualitas layanan menurun karena beban kerja admin
Musi Rawas,musi-rawas,Pengacara Freelance,pengacara-freelance,jasa,biaya operasional sidang sulit ditagihkan rinci,honor pokok habis menutupi biaya perjalanan dinas
Lingga,lingga,Toko Helm,toko-helm,retail,stok gudang tidak sesuai nota penjualan,risiko kehilangan barang akibat kelalaian
Belu,belu,Frozen Food,frozen-food,kuliner,biaya listrik freezer mahal tidak terhitung harga,bisnis rugi karena beban operasional listrik
Labuhan Batu,labuhan-batu,Notaris,notaris,jasa,rekap biaya PNBP banyak membingungkan asisten,risiko teguran instansi jika terjadi selisih bayar
Sanggau,sanggau,Akuntan Publik,akuntan-publik,jasa,pengarsipan bukti bayar klien berantakan di kantor,sulit melakukan audit internal performa bisnis
Padang Pariaman,padang-pariaman,Blogger,blogger,kreatif,pembayaran agency sering melewati jatuh tempo 30 hari,perputaran uang untuk operasional website terganggu
